GROUP,CONAME,DIST,DISTNAME,PP18A,RK18A,PCT18A,PP28A,RK28A,PCT28A,PP38A,RK38A,PCT38A
A. K-6,,,1. State average - Operating Type K-6,,,,42,,,37,,
A. K-6,,,2. State median - Operating Type K-6,,,,36,,,29,,
A. K-6,,,5. State average - All operating types,,,,38,,,36,,
A. K-6,,,6. State median - All operating types,,,,32,,,33,,
A. K-6,BERGEN,1270,EDGEWATER BORO,,,0.000,110,52,0.010,94,52,0.009
A. K-6,BERGEN,3870,ORADELL BORO,,,0.000,49,36,0.004,57,41,0.005
A. K-6,BERGEN,4410,RIVER EDGE BORO,,,0.000,13,12,0.001,36,34,0.003
A. K-6,BERGEN,4620,SADDLE RIVER BORO,,,0.000,37,30,0.002,21,20,0.001
A. K-6,BURLINGTON,200,BASS RIVER TWP,,,0.000,70,41,0.005,67,44,0.005
A. K-6,BURLINGTON,830,CHESTERFIELD TWP,,,0.000,27,21,0.002,21,20,0.002
A. K-6,BURLINGTON,2960,MANSFIELD TWP,,,0.000,48,34,0.004,45,39,0.004
A. K-6,BURLINGTON,3650,NORTH HANOVER TWP,,,0.000,34,28,0.002,16,14,0.001
A. K-6,BURLINGTON,5010,SPRINGFIELD TWP,,,0.000,86,49,0.007,67,44,0.005
A. K-6,CAMDEN,810,CHESILHURST,,,0.000,,,0.000,,,0.000
A. K-6,CAMDEN,2540,LAUREL SPRINGS BORO,,,0.000,,,0.000,,,0.000
A. K-6,CAMDEN,5560,WATERFORD TWP,,,0.000,63,39,0.005,70,47,0.006
A. K-6,CAPE MAY,710,CAPE MAY CITY,,,0.000,15,15,0.001,20,19,0.001
A. K-6,CAPE MAY,2840,LOWER TWP,,,0.000,13,12,0.001,16,14,0.001
A. K-6,CAPE MAY,4700,SEA ISLE CITY,,,0.000,838,57,0.031,,,0.000
A. K-6,CAPE MAY,5610,WEST CAPE MAY BORO,,,0.000,,,0.000,105,54,0.003
A. K-6,ESSEX,1400,ESSEX FELLS BORO,,,0.000,178,55,0.012,81,48,0.005
A. K-6,ESSEX,1465,FAIRFIELD TWP,,,0.000,131,53,0.011,105,54,0.008
A. K-6,ESSEX,3630,NORTH CALDWELL BORO,,,0.000,85,48,0.006,60,42,0.004
A. K-6,ESSEX,4530,ROSELAND BORO,,,0.000,33,26,0.003,39,35,0.003
A. K-6,GLOUCESTER,1180,EAST GREENWICH TWP,,,0.000,20,17,0.002,29,28,0.003
A. K-6,GLOUCESTER,1330,ELK TWP,,,0.000,5,4,0.000,19,18,0.002
A. K-6,GLOUCESTER,1590,FRANKLIN TWP,,,0.000,41,31,0.004,35,33,0.003
A. K-6,GLOUCESTER,2070,HARRISON TWP,,,0.000,27,21,0.003,23,23,0.002
A. K-6,GLOUCESTER,2990,MANTUA TWP,,,0.000,12,11,0.001,9,6,0.001
A. K-6,GLOUCESTER,3490,NATIONAL PARK BORO,,,0.000,3,1,0.000,4,2,0.000
A. K-6,GLOUCESTER,4880,SOUTH HARRISON TWP,,,0.000,51,37,0.005,40,37,0.005
A. K-6,GLOUCESTER,5120,SWEDESBORO-WOOLWICH,,,0.000,3,1,0.000,8,5,0.001
A. K-6,GLOUCESTER,5590,WENONAH BORO,,,0.000,5,4,0.000,4,2,0.000
A. K-6,GLOUCESTER,5740,WESTVILLE BORO,,,0.000,6,7,0.001,13,12,0.001
A. K-6,GLOUCESTER,5870,WOODBURY HEIGHTS BORO,,,0.000,10,10,0.001,4,2,0.000
A. K-6,HUNTERDON,2530,LAMBERTVILLE CITY,,,0.000,9,9,0.000,33,31,0.002
A. K-6,HUNTERDON,2590,LEBANON BORO,,,0.000,78,45,0.004,11,10,0.001
A. K-6,HUNTERDON,5050,STOCKTON BORO,,,0.000,86,49,0.006,132,58,0.008
A. K-6,HUNTERDON,5600,WEST AMWELL TWP,,,0.000,74,43,0.006,111,56,0.008
A. K-6,MONMOUTH,130,ATLANTIC HIGHLANDS BORO,,,0.000,106,51,0.007,94,52,0.007
A. K-6,MONMOUTH,2160,HIGHLANDS BORO,,,0.000,61,38,0.003,83,50,0.004
A. K-6,MONMOUTH,4520,ROOSEVELT BORO,,,0.000,78,45,0.005,23,23,0.001
A. K-6,MORRIS,3240,MINE HILL TWP,,,0.000,75,44,0.007,68,46,0.006
A. K-6,OCEAN,230,BEACH HAVEN BORO,,,0.000,64,40,0.003,39,35,0.002
A. K-6,OCEAN,320,BERKELEY TWP,,,0.000,32,25,0.003,34,32,0.003
A. K-6,OCEAN,1150,EAGLESWOOD TWP,,,0.000,13,12,0.001,10,9,0.001
A. K-6,OCEAN,2350,ISLAND HEIGHTS BORO,,,0.000,361,56,0.022,42,38,0.003
A. K-6,OCEAN,2690,LITTLE EGG HARBOR TWP,,,0.000,44,33,0.004,23,23,0.002
A. K-6,OCEAN,2760,LONG BEACH ISLAND,,,0.000,29,23,0.001,24,26,0.001
A. K-6,OCEAN,3800,OCEAN GATE BORO,,,0.000,82,47,0.005,29,28,0.002
A. K-6,OCEAN,3820,OCEAN TWP,,,0.000,36,29,0.002,65,43,0.004
A. K-6,OCEAN,4710,SEASIDE HEIGHTS BORO,,,0.000,144,54,0.010,119,57,0.009
A. K-6,OCEAN,5020,STAFFORD TWP,,,0.000,73,42,0.006,81,48,0.006
A. K-6,OCEAN,5220,TUCKERTON BORO,,,0.000,26,20,0.002,29,28,0.002
A. K-6,SUSSEX,1630,FREDON TWP,,,0.000,48,34,0.004,84,51,0.007
A. K-6,SUSSEX,1980,HAMPTON TWP,,,0.000,8,8,0.001,12,11,0.001
A. K-6,SUSSEX,4650,SANDYSTON-WALPACK TWP,,,0.000,33,26,0.002,9,6,0.001
A. K-6,SUSSEX,5040,STILLWATER TWP,,,0.000,31,24,0.002,28,27,0.002
A. K-6,WARREN,400,BLAIRSTOWN TWP,,,0.000,5,4,0.000,15,13,0.001
A. K-6,WARREN,1620,FRANKLIN TWP,,,0.000,22,18,0.002,17,16,0.001
A. K-6,WARREN,1670,FRELINGHUYSEN TWP,,,0.000,,,0.000,3,1,0.000
A. K-6,WARREN,2470,KNOWLTON TWP,,,0.000,43,32,0.003,53,40,0.004
A. K-6,WARREN,2970,MANSFIELD TWP,,,0.000,15,15,0.001,21,20,0.002
A. K-6,WARREN,5480,WASHINGTON BORO,,,0.000,24,19,0.002,9,6,0.001
A. K-6,WARREN,5530,WASHINGTON TWP,,,0.000,4,3,0.000,17,16,0.001
B. K-8 / 0 - 400,,,1. State average - Operating Type K-8,,,,37,,,36,,
B. K-8 / 0 - 400,,,2. State median - Operating Type K-8,,,,37,,,35,,
B. K-8 / 0 - 400,,,5. State average - All operating types,,,,38,,,36,,
B. K-8 / 0 - 400,,,6. State median - All operating types,,,,32,,,33,,
B. K-8 / 0 - 400,ATLANTIC,1410,ESTELL MANOR CITY,,,0.000,39,31,0.003,50,42,0.005
B. K-8 / 0 - 400,ATLANTIC,1540,FOLSOM BORO,,,0.000,29,26,0.003,37,33,0.003
B. K-8 / 0 - 400,ATLANTIC,4240,PORT REPUBLIC CITY,,,0.000,210,65,0.014,175,68,0.011
B. K-8 / 0 - 400,ATLANTIC,5760,WEYMOUTH TWP,,,0.000,20,17,0.002,36,32,0.003
B. K-8 / 0 - 400,BERGEN,80,ALPINE BORO,,,0.000,111,57,0.005,71,59,0.003
B. K-8 / 0 - 400,BERGEN,3350,MOONACHIE BORO,,,0.000,71,49,0.004,35,31,0.002
B. K-8 / 0 - 400,BERGEN,4870,SOUTH HACKENSACK TWP,,,0.000,47,36,0.003,31,25,0.002
B. K-8 / 0 - 400,BURLINGTON,380,BEVERLY CITY,,,0.000,175,64,0.011,100,64,0.008
B. K-8 / 0 - 400,BURLINGTON,3540,NEW HANOVER TWP,,,0.000,51,39,0.003,60,52,0.004
B. K-8 / 0 - 400,BURLINGTON,4460,RIVERTON,,,0.000,19,16,0.001,43,35,0.004
B. K-8 / 0 - 400,BURLINGTON,5490,WASHINGTON TWP,,,0.000,72,50,0.004,74,61,0.004
B. K-8 / 0 - 400,BURLINGTON,5890,WOODLAND TWP,,,0.000,83,52,0.006,94,63,0.007
B. K-8 / 0 - 400,CAMDEN,580,BROOKLAWN BORO,,,0.000,49,38,0.004,49,41,0.004
B. K-8 / 0 - 400,CAMDEN,1720,GIBBSBORO BORO,,,0.000,20,17,0.001,61,55,0.004
B. K-8 / 0 - 400,CAMDEN,2560,LAWNSIDE BORO,,,0.000,308,66,0.023,171,67,0.014
B. K-8 / 0 - 400,CAMDEN,3110,MERCHANTVILLE BORO,,,0.000,58,45,0.004,33,28,0.002
B. K-8 / 0 - 400,CAPE MAY,170,AVALON BORO,,,0.000,10,11,0.000,7,3,0.000
B. K-8 / 0 - 400,CAPE MAY,3680,NORTH WILDWOOD CITY,,,0.000,17,15,0.001,57,48,0.003
B. K-8 / 0 - 400,CAPE MAY,4701,SEA ISLE CITY,,,0.000,,,0.000,196,69,0.006
B. K-8 / 0 - 400,CAPE MAY,5060,STONE HARBOR BORO,,,0.000,1,1,0.000,6,2,0.000
B. K-8 / 0 - 400,CAPE MAY,5800,WILDWOOD CREST BORO,,,0.000,54,41,0.003,41,34,0.003
B. K-8 / 0 - 400,CAPE MAY,5840,WOODBINE BORO,,,0.000,63,47,0.005,54,47,0.004
B. K-8 / 0 - 400,CUMBERLAND,1020,DEERFIELD TWP,,,0.000,37,29,0.004,33,28,0.003
B. K-8 / 0 - 400,CUMBERLAND,1120,DOWNE TWP,,,0.000,9,10,0.001,29,23,0.002
B. K-8 / 0 - 400,CUMBERLAND,1820,GREENWICH TWP,,,0.000,4,4,0.000,15,8,0.001
B. K-8 / 0 - 400,CUMBERLAND,3050,MAURICE RIVER TWP,,,0.000,11,12,0.001,15,8,0.001
B. K-8 / 0 - 400,CUMBERLAND,5070,STOW CREEK TWP,,,0.000,3,2,0.000,7,3,0.001
B. K-8 / 0 - 400,HUDSON,1200,EAST NEWARK BORO,,,0.000,48,37,0.005,28,22,0.003
B. K-8 / 0 - 400,HUNTERDON,430,BLOOMSBURY BORO,,,0.000,,,0.000,26,21,0.002
B. K-8 / 0 - 400,HUNTERDON,670,CALIFON BORO,,,0.000,4,4,0.000,15,8,0.001
B. K-8 / 0 - 400,HUNTERDON,1600,FRANKLIN TWP,,,0.000,118,58,0.008,139,65,0.011
B. K-8 / 0 - 400,HUNTERDON,1680,FRENCHTOWN BORO,,,0.000,34,28,0.002,19,15,0.001
B. K-8 / 0 - 400,HUNTERDON,1970,HAMPTON BORO,,,0.000,38,30,0.002,13,7,0.001
B. K-8 / 0 - 400,HUNTERDON,2140,HIGH BRIDGE BORO,,,0.000,105,55,0.007,68,58,0.004
B. K-8 / 0 - 400,HUNTERDON,3180,MILFORD BORO,,,0.000,98,54,0.006,46,39,0.003
B. K-8 / 0 - 400,MONMOUTH,180,AVON BORO,,,0.000,6,7,0.000,19,15,0.001
B. K-8 / 0 - 400,MONMOUTH,500,BRADLEY BEACH BORO,,,0.000,23,22,0.001,18,13,0.001
B. K-8 / 0 - 400,MONMOUTH,1000,DEAL BORO,,,0.000,24,23,0.001,32,26,0.001
B. K-8 / 0 - 400,MONMOUTH,1490,FARMINGDALE BORO,,,0.000,21,20,0.001,51,44,0.003
B. K-8 / 0 - 400,MONMOUTH,3250,MONMOUTH BEACH BORO,,,0.000,53,40,0.005,59,50,0.005
B. K-8 / 0 - 400,MONMOUTH,3500,NEPTUNE CITY,,,0.000,4,4,0.000,24,18,0.002
B. K-8 / 0 - 400,MONMOUTH,4690,SEA GIRT BORO,,,0.000,149,62,0.009,53,46,0.003
B. K-8 / 0 - 400,MONMOUTH,4980,SPRING LAKE BORO,,,0.000,135,60,0.008,77,62,0.004
B. K-8 / 0 - 400,MONMOUTH,4990,SPRING LAKE HEIGHTS BORO,,,0.000,64,48,0.005,60,52,0.005
B. K-8 / 0 - 400,MORRIS,2010,HARDING TOWNSHIP,,,0.000,160,63,0.009,64,56,0.003
B. K-8 / 0 - 400,MORRIS,3410,MOUNT ARLINGTON BORO,,,0.000,55,42,0.004,47,40,0.003
B. K-8 / 0 - 400,MORRIS,3520,NETCONG BORO,,,0.000,41,33,0.003,43,35,0.004
B. K-8 / 0 - 400,MORRIS,4440,RIVERDALE BORO,,,0.000,107,56,0.008,71,59,0.006
B. K-8 / 0 - 400,OCEAN,210,BAY HEAD BORO,,,0.000,44,34,0.002,60,52,0.003
B. K-8 / 0 - 400,OCEAN,2550,LAVALLETTE BORO,,,0.000,122,59,0.008,21,17,0.001
B. K-8 / 0 - 400,SALEM,1350,ELSINBORO TWP,,,0.000,7,9,0.001,43,35,0.003
B. K-8 / 0 - 400,SALEM,2800,LOWER ALLOWAYS CREEK,,,0.000,30,27,0.002,29,23,0.002
B. K-8 / 0 - 400,SALEM,2950,MANNINGTON TWP,,,0.000,3,2,0.000,1,1,0.000
B. K-8 / 0 - 400,SALEM,3860,OLDMANS TWP,,,0.000,15,13,0.001,17,12,0.001
B. K-8 / 0 - 400,SALEM,4280,QUINTON TWP,,,0.000,,,0.000,9,5,0.001
B. K-8 / 0 - 400,SALEM,5320,UPPER PITTSGROVE TWP,,,0.000,24,23,0.002,24,18,0.002
B. K-8 / 0 - 400,SUSSEX,1930,HAMBURG BORO,,,0.000,146,61,0.009,18,13,0.001
B. K-8 / 0 - 400,SUSSEX,2490,LAFAYETTE TWP,,,0.000,44,34,0.004,15,8,0.001
B. K-8 / 0 - 400,SUSSEX,3300,MONTAGUE TWP,,,0.000,95,53,0.006,51,44,0.003
B. K-8 / 0 - 400,SUSSEX,3840,OGDENSBURG BORO,,,0.000,57,44,0.004,67,57,0.005
B. K-8 / 0 - 400,SUSSEX,5030,STANHOPE BORO,,,0.000,27,25,0.002,50,42,0.005
B. K-8 / 0 - 400,UNION,1710,GARWOOD BORO,,,0.000,55,42,0.005,144,66,0.013
B. K-8 / 0 - 400,UNION,5810,WINFIELD TWP,,,0.000,22,21,0.001,34,30,0.002
B. K-8 / 0 - 400,WARREN,70,ALPHA BORO,,,0.000,39,31,0.003,57,48,0.004
B. K-8 / 0 - 400,WARREN,2040,HARMONY TWP,,,0.000,16,14,0.001,32,26,0.002
B. K-8 / 0 - 400,WARREN,2250,HOPE TWP,,,0.000,20,17,0.001,24,18,0.002
B. K-8 / 0 - 400,WARREN,3890,OXFORD TWP,,,0.000,62,46,0.005,44,38,0.003
B. K-8 / 0 - 400,WARREN,4200,POHATCONG TWP,,,0.000,80,51,0.006,59,50,0.004
B. K-8 / 0 - 400,WARREN,5780,WHITE TWP,,,0.000,6,7,0.000,9,5,0.001
C. K-8 / 401 - 750,,,1. State average - Operating Type K-8,,,,37,,,36,,
C. K-8 / 401 - 750,,,2. State median - Operating Type K-8,,,,37,,,35,,
C. K-8 / 401 - 750,,,5. State average - All operating types,,,,38,,,36,,
C. K-8 / 401 - 750,,,6. State median - All operating types,,,,32,,,33,,
C. K-8 / 401 - 750,ATLANTIC,1300,EGG HARBOR CITY,,,0.000,,,0.000,30,22,0.002
C. K-8 / 401 - 750,ATLANTIC,3020,MARGATE CITY,,,0.000,80,51,0.005,106,60,0.006
C. K-8 / 401 - 750,ATLANTIC,3480,MULLICA TWP,,,0.000,15,12,0.001,16,8,0.001
C. K-8 / 401 - 750,BERGEN,740,CARLSTADT BORO,,,0.000,19,16,0.001,26,16,0.002
C. K-8 / 401 - 750,BERGEN,1070,DEMAREST BORO,,,0.000,42,29,0.003,35,34,0.002
C. K-8 / 401 - 750,BERGEN,1380,ENGLEWOOD CLIFFS BORO,,,0.000,131,58,0.007,155,63,0.008
C. K-8 / 401 - 750,BERGEN,2050,HARRINGTON PARK BORO,,,0.000,,,0.000,29,18,0.002
C. K-8 / 401 - 750,BERGEN,2090,HAWORTH BORO,,,0.000,58,41,0.004,31,26,0.002
C. K-8 / 401 - 750,BERGEN,2200,HO HO KUS BORO,,,0.000,48,34,0.004,30,22,0.002
C. K-8 / 401 - 750,BERGEN,3730,NORTHVALE BORO,,,0.000,28,24,0.002,82,56,0.006
C. K-8 / 401 - 750,BERGEN,3740,NORWOOD BORO,,,0.000,97,55,0.008,56,48,0.004
C. K-8 / 401 - 750,BERGEN,4470,ROCHELLE PARK TWP,,,0.000,50,35,0.004,48,45,0.004
C. K-8 / 401 - 750,BURLINGTON,1030,DELANCO TWP,,,0.000,16,13,0.001,34,32,0.003
C. K-8 / 401 - 750,BURLINGTON,1250,EASTAMPTON TWP,,,0.000,8,5,0.001,4,1,0.000
C. K-8 / 401 - 750,BURLINGTON,1910,HAINESPORT TWP,,,0.000,101,56,0.009,64,51,0.006
C. K-8 / 401 - 750,BURLINGTON,3070,MEDFORD LAKES BORO,,,0.000,61,43,0.006,47,44,0.004
C. K-8 / 401 - 750,CAMDEN,190,BARRINGTON BORO,,,0.000,11,9,0.001,46,43,0.004
C. K-8 / 401 - 750,CAMDEN,340,BERLIN TWP,,,0.000,70,48,0.004,44,42,0.003
C. K-8 / 401 - 750,CAMDEN,880,CLEMENTON BORO,,,0.000,33,25,0.003,31,26,0.003
C. K-8 / 401 - 750,CAMDEN,2890,MAGNOLIA BORO,,,0.000,90,53,0.007,83,57,0.007
C. K-8 / 401 - 750,CAMDEN,3420,MOUNT EPHRAIM BORO,,,0.000,53,37,0.004,76,55,0.007
C. K-8 / 401 - 750,CAMDEN,4790,SOMERDALE BORO,,,0.000,55,38,0.005,35,34,0.003
C. K-8 / 401 - 750,CAMDEN,5900,WOODLYNNE BORO,,,0.000,19,16,0.002,10,4,0.001
C. K-8 / 401 - 750,CAPE MAY,1080,DENNIS TWP,,,0.000,55,38,0.004,29,18,0.002
C. K-8 / 401 - 750,CUMBERLAND,950,COMMERCIAL TWP,,,0.000,4,2,0.000,7,3,0.001
C. K-8 / 401 - 750,CUMBERLAND,1460,FAIRFIELD TWP,,,0.000,93,54,0.008,29,18,0.003
C. K-8 / 401 - 750,CUMBERLAND,2270,HOPEWELL TWP,,,0.000,6,4,0.001,6,2,0.001
C. K-8 / 401 - 750,CUMBERLAND,2570,LAWRENCE TWP,,,0.000,38,27,0.003,61,50,0.005
C. K-8 / 401 - 750,GLOUCESTER,1830,GREENWICH TWP,,,0.000,8,5,0.001,27,17,0.002
C. K-8 / 401 - 750,HUNTERDON,20,ALEXANDRIA TWP,,,0.000,9,7,0.001,14,5,0.001
C. K-8 / 401 - 750,HUNTERDON,370,BETHLEHEM TWP,,,0.000,77,49,0.005,115,61,0.008
C. K-8 / 401 - 750,HUNTERDON,910,CLINTON TOWN,,,0.000,20,19,0.001,30,22,0.002
C. K-8 / 401 - 750,HUNTERDON,1040,DELAWARE TWP,,,0.000,5,3,0.000,31,26,0.002
C. K-8 / 401 - 750,HUNTERDON,1160,EAST AMWELL TWP,,,0.000,33,25,0.003,42,40,0.003
C. K-8 / 401 - 750,HUNTERDON,2220,HOLLAND TWP,,,0.000,79,50,0.006,16,8,0.001
C. K-8 / 401 - 750,HUNTERDON,2450,KINGWOOD TWP,,,0.000,19,16,0.001,34,32,0.003
C. K-8 / 401 - 750,HUNTERDON,5180,TEWKSBURY TWP,,,0.000,162,60,0.012,33,30,0.002
C. K-8 / 401 - 750,HUNTERDON,5270,UNION TWP,,,0.000,61,43,0.004,98,59,0.006
C. K-8 / 401 - 750,MIDDLESEX,970,CRANBURY TWP,,,0.000,57,40,0.004,42,40,0.003
C. K-8 / 401 - 750,MIDDLESEX,2370,JAMESBURG BORO,,,0.000,46,31,0.004,24,15,0.003
C. K-8 / 401 - 750,MIDDLESEX,3220,MILLTOWN BORO,,,0.000,65,45,0.006,33,30,0.003
C. K-8 / 401 - 750,MONMOUTH,270,BELMAR BORO,,,0.000,52,36,0.004,31,26,0.002
C. K-8 / 401 - 750,MONMOUTH,560,BRIELLE BORO,,,0.000,24,22,0.002,37,37,0.004
C. K-8 / 401 - 750,MONMOUTH,3830,OCEANPORT BORO,,,0.000,46,31,0.004,30,22,0.002
C. K-8 / 401 - 750,MONMOUTH,4770,SHREWSBURY BORO,,,0.000,360,61,0.027,117,62,0.009
C. K-8 / 401 - 750,MONMOUTH,5640,WEST LONG BRANCH BORO,,,0.000,65,45,0.005,39,38,0.003
C. K-8 / 401 - 750,MORRIS,460,BOONTON TWP,,,0.000,23,21,0.002,35,34,0.003
C. K-8 / 401 - 750,MORRIS,3090,MENDHAM BORO,,,0.000,153,59,0.012,60,49,0.005
C. K-8 / 401 - 750,MORRIS,3380,MORRIS PLAINS BORO,,,0.000,59,42,0.004,74,54,0.006
C. K-8 / 401 - 750,MORRIS,4480,ROCKAWAY BORO,,,0.000,14,11,0.001,15,6,0.002
C. K-8 / 401 - 750,OCEAN,2500,LAKEHURST BORO,,,0.000,21,20,0.002,19,13,0.002
C. K-8 / 401 - 750,PASSAIC,420,BLOOMINGDALE BORO,,,0.000,66,47,0.005,71,52,0.005
C. K-8 / 401 - 750,PASSAIC,3640,NORTH HALEDON BORO,,,0.000,47,33,0.005,71,52,0.007
C. K-8 / 401 - 750,SALEM,60,ALLOWAY TWP,,,0.000,17,15,0.002,16,8,0.001
C. K-8 / 401 - 750,SOMERSET,240,BEDMINSTER TWP,,,0.000,101,56,0.007,49,46,0.003
C. K-8 / 401 - 750,SOMERSET,4850,SOUTH BOUND BROOK,,,0.000,81,52,0.006,23,14,0.002
C. K-8 / 401 - 750,SOMERSET,5540,WATCHUNG BORO,,,0.000,10,8,0.001,18,12,0.001
C. K-8 / 401 - 750,SUSSEX,90,ANDOVER REG,,,0.000,27,23,0.002,15,6,0.001
C. K-8 / 401 - 750,SUSSEX,1560,FRANKFORD TWP,,,0.000,2,1,0.000,16,8,0.001
C. K-8 / 401 - 750,SUSSEX,1570,FRANKLIN BORO,,,0.000,13,10,0.001,29,18,0.002
C. K-8 / 401 - 750,SUSSEX,1800,GREEN TWP,,,0.000,16,13,0.001,85,58,0.007
C. K-8 / 401 - 750,SUSSEX,2030,HARDYSTON TWP,,,0.000,39,28,0.003,49,46,0.004
C. K-8 / 401 - 750,WARREN,30,ALLAMUCHY TWP,,,0.000,43,30,0.003,40,39,0.003
D. K-8 / 751 +,,,1. State average - Operating Type K-8,,,,37,,,36,,
D. K-8 / 751 +,,,2. State median - Operating Type K-8,,,,37,,,35,,
D. K-8 / 751 +,,,5. State average - All operating types,,,,38,,,36,,
D. K-8 / 751 +,,,6. State median - All operating types,,,,32,,,33,,
D. K-8 / 751 +,ATLANTIC,10,ABSECON CITY,,,0.000,16,17,0.001,21,19,0.002
D. K-8 / 751 +,ATLANTIC,570,BRIGANTINE CITY,,,0.000,27,41,0.002,35,47,0.002
D. K-8 / 751 +,ATLANTIC,1690,GALLOWAY TWP,,,0.000,6,2,0.000,8,3,0.001
D. K-8 / 751 +,ATLANTIC,1940,HAMILTON TWP,,,0.000,45,62,0.005,24,29,0.002
D. K-8 / 751 +,ATLANTIC,2680,LINWOOD CITY,,,0.000,45,62,0.004,47,65,0.004
D. K-8 / 751 +,ATLANTIC,3720,NORTHFIELD CITY,,,0.000,57,75,0.005,47,65,0.004
D. K-8 / 751 +,ATLANTIC,4800,SOMERS POINT CITY,,,0.000,12,9,0.001,31,42,0.003
D. K-8 / 751 +,ATLANTIC,5350,VENTNOR CITY,,,0.000,29,44,0.002,39,59,0.003
D. K-8 / 751 +,BERGEN,40,ALLENDALE BORO,,,0.000,18,21,0.001,101,87,0.007
D. K-8 / 751 +,BERGEN,930,CLOSTER BORO,,,0.000,19,25,0.001,38,55,0.003
D. K-8 / 751 +,BERGEN,1230,EAST RUTHERFORD BORO,,,0.000,68,79,0.004,59,75,0.004
D. K-8 / 751 +,BERGEN,1470,FAIRVIEW BORO,,,0.000,44,61,0.004,38,55,0.004
D. K-8 / 751 +,BERGEN,1580,FRANKLIN LAKES BORO,,,0.000,63,78,0.004,30,41,0.002
D. K-8 / 751 +,BERGEN,2180,HILLSDALE BORO,,,0.000,10,6,0.001,19,14,0.002
D. K-8 / 751 +,BERGEN,2710,LITTLE FERRY BORO,,,0.000,153,88,0.014,54,71,0.005
D. K-8 / 751 +,BERGEN,3060,MAYWOOD BORO,,,0.000,54,71,0.005,55,72,0.005
D. K-8 / 751 +,BERGEN,3330,MONTVALE BORO,,,0.000,26,39,0.002,19,14,0.002
D. K-8 / 751 +,BERGEN,3760,OAKLAND BORO,,,0.000,29,44,0.002,35,47,0.003
D. K-8 / 751 +,BERGEN,3850,OLD TAPPAN BORO,,,0.000,55,72,0.005,99,86,0.007
D. K-8 / 751 +,BERGEN,4430,RIVER VALE TWP,,,0.000,31,47,0.002,34,46,0.003
D. K-8 / 751 +,BERGEN,5330,UPPER SADDLE RIVER BORO,,,0.000,10,6,0.001,36,50,0.003
D. K-8 / 751 +,BERGEN,5880,WOODCLIFF LAKE BORO,,,0.000,119,86,0.009,83,85,0.006
D. K-8 / 751 +,BERGEN,5920,WYCKOFF TWP,,,0.000,37,54,0.003,71,83,0.005
D. K-8 / 751 +,BURLINGTON,1280,EDGEWATER PARK TWP,,,0.000,18,21,0.002,22,22,0.002
D. K-8 / 751 +,BURLINGTON,1420,EVESHAM TWP,,,0.000,22,31,0.002,32,44,0.002
D. K-8 / 751 +,BURLINGTON,2850,LUMBERTON TWP,,,0.000,36,52,0.003,55,72,0.005
D. K-8 / 751 +,BURLINGTON,3080,MEDFORD TWP,,,0.000,16,17,0.001,14,6,0.001
D. K-8 / 751 +,BURLINGTON,3430,MOUNT HOLLY TWP,,,0.000,39,56,0.003,16,9,0.001
D. K-8 / 751 +,BURLINGTON,3440,MOUNT LAUREL TWP,,,0.000,15,14,0.001,17,11,0.001
D. K-8 / 751 +,BURLINGTON,4740,SHAMONG TWP,,,0.000,17,20,0.001,21,19,0.002
D. K-8 / 751 +,BURLINGTON,4930,SOUTHAMPTON TWP,,,0.000,16,17,0.001,19,14,0.001
D. K-8 / 751 +,BURLINGTON,5130,TABERNACLE TWP,,,0.000,20,28,0.002,20,17,0.002
D. K-8 / 751 +,BURLINGTON,5720,WESTAMPTON,,,0.000,21,29,0.002,10,4,0.001
D. K-8 / 751 +,CAMDEN,260,BELLMAWR BORO,,,0.000,13,10,0.001,22,22,0.002
D. K-8 / 751 +,CAMDEN,330,BERLIN BORO,,,0.000,52,70,0.005,47,65,0.005
D. K-8 / 751 +,CAMDEN,1780,GLOUCESTER TWP,,,0.000,14,12,0.001,27,37,0.003
D. K-8 / 751 +,CAMDEN,4590,RUNNEMEDE BORO,,,0.000,24,38,0.002,36,50,0.003
D. K-8 / 751 +,CAMDEN,5080,STRATFORD BORO,,,0.000,15,14,0.001,14,6,0.001
D. K-8 / 751 +,CAMDEN,5400,VOORHEES TWP,,,0.000,8,4,0.001,20,17,0.001
D. K-8 / 751 +,CAPE MAY,5340,UPPER TWP,,,0.000,56,73,0.005,60,78,0.005
D. K-8 / 751 +,CUMBERLAND,5300,UPPER DEERFIELD TWP,,,0.000,3,1,0.000,4,1,0.000
D. K-8 / 751 +,GLOUCESTER,2750,LOGAN TWP,,,0.000,11,8,0.001,15,8,0.001
D. K-8 / 751 +,HUDSON,1850,GUTTENBERG TOWN,,,0.000,56,73,0.006,58,74,0.007
D. K-8 / 751 +,HUNTERDON,920,CLINTON TWP,,,0.000,27,41,0.002,24,29,0.002
D. K-8 / 751 +,HUNTERDON,1510,FLEMINGTON-RARITAN REG,,,0.000,31,47,0.003,29,39,0.002
D. K-8 / 751 +,HUNTERDON,2600,LEBANON TWP,,,0.000,19,25,0.001,7,2,0.000
D. K-8 / 751 +,HUNTERDON,4350,READINGTON TWP,,,0.000,33,49,0.003,36,50,0.003
D. K-8 / 751 +,MONMOUTH,945,COLTS NECK TWP,,,0.000,74,81,0.005,16,9,0.001
D. K-8 / 751 +,MONMOUTH,1260,EATONTOWN BORO,,,0.000,45,62,0.003,70,82,0.005
D. K-8 / 751 +,MONMOUTH,1440,FAIR HAVEN BORO,,,0.000,62,77,0.006,41,61,0.004
D. K-8 / 751 +,MONMOUTH,1640,FREEHOLD BORO,,,0.000,22,31,0.002,26,33,0.002
D. K-8 / 751 +,MONMOUTH,1660,FREEHOLD TWP,,,0.000,13,10,0.001,22,22,0.002
D. K-8 / 751 +,MONMOUTH,2290,HOWELL TWP,,,0.000,23,36,0.002,24,29,0.002
D. K-8 / 751 +,MONMOUTH,2720,LITTLE SILVER BORO,,,0.000,108,85,0.009,38,55,0.003
D. K-8 / 751 +,MONMOUTH,2920,MANALAPAN-ENGLISHTOWN REG,,,0.000,22,31,0.002,26,33,0.002
D. K-8 / 751 +,MONMOUTH,3030,MARLBORO TWP,,,0.000,18,21,0.002,17,11,0.001
D. K-8 / 751 +,MONMOUTH,3200,MILLSTONE TWP,,,0.000,49,67,0.004,29,39,0.002
D. K-8 / 751 +,MONMOUTH,4360,RED BANK BORO,,,0.000,22,31,0.002,26,33,0.002
D. K-8 / 751 +,MONMOUTH,4570,RUMSON BORO,,,0.000,95,83,0.008,76,84,0.006
D. K-8 / 751 +,MONMOUTH,5185,TINTON FALLS,,,0.000,35,50,0.003,44,62,0.003
D. K-8 / 751 +,MONMOUTH,5230,UNION BEACH,,,0.000,22,31,0.002,45,64,0.004
D. K-8 / 751 +,MORRIS,820,CHESTER TWP,,,0.000,23,36,0.002,33,45,0.002
D. K-8 / 751 +,MORRIS,1090,DENVILLE TWP,,,0.000,7,3,0.001,10,4,0.001
D. K-8 / 751 +,MORRIS,1190,EAST HANOVER TWP,,,0.000,37,54,0.003,23,26,0.002
D. K-8 / 751 +,MORRIS,1530,FLORHAM PARK BORO,,,0.000,39,56,0.003,38,55,0.003
D. K-8 / 751 +,MORRIS,2000,HANOVER TWP,,,0.000,26,39,0.002,67,80,0.005
D. K-8 / 751 +,MORRIS,2650,LINCOLN PARK BORO,,,0.000,60,76,0.005,59,75,0.005
D. K-8 / 751 +,MORRIS,3100,MENDHAM TWP,,,0.000,15,14,0.001,44,62,0.003
D. K-8 / 751 +,MORRIS,4000,LONG HILL TWP,,,0.000,21,29,0.002,31,42,0.002
D. K-8 / 751 +,MORRIS,4490,ROCKAWAY TWP,,,0.000,36,52,0.002,28,38,0.002
D. K-8 / 751 +,MORRIS,5520,WASHINGTON TWP,,,0.000,27,41,0.002,22,22,0.002
D. K-8 / 751 +,MORRIS,5770,WHARTON BORO,,,0.000,29,44,0.002,35,47,0.003
D. K-8 / 751 +,PASSAIC,1920,HALEDON BORO,,,0.000,39,56,0.004,68,81,0.006
D. K-8 / 751 +,PASSAIC,2700,LITTLE FALLS TWP,,,0.000,45,62,0.004,26,33,0.002
D. K-8 / 751 +,PASSAIC,4270,PROSPECT PARK BORO,,,0.000,51,69,0.005,23,26,0.002
D. K-8 / 751 +,PASSAIC,4400,RINGWOOD BORO,,,0.000,14,12,0.001,17,11,0.001
D. K-8 / 751 +,PASSAIC,5200,TOTOWA BORO,,,0.000,72,80,0.006,146,88,0.012
D. K-8 / 751 +,PASSAIC,5440,WANAQUE BORO,,,0.000,138,87,0.010,64,79,0.005
D. K-8 / 751 +,PASSAIC,5690,WOODLAND PARK,,,0.000,45,62,0.004,36,50,0.003
D. K-8 / 751 +,SOMERSET,510,BRANCHBURG TWP,,,0.000,19,25,0.001,23,26,0.002
D. K-8 / 751 +,SOMERSET,1810,GREEN BROOK TWP,,,0.000,35,50,0.003,47,65,0.004
D. K-8 / 751 +,SOMERSET,5470,WARREN TWP,,,0.000,18,21,0.001,21,19,0.001
D. K-8 / 751 +,SUSSEX,640,BYRAM TWP,,,0.000,101,84,0.009,47,65,0.004
D. K-8 / 751 +,SUSSEX,5100,SUSSEX-WANTAGE REGIONAL,,,0.000,43,60,0.003,51,70,0.004
D. K-8 / 751 +,UNION,3470,MOUNTAINSIDE BORO,,,0.000,75,82,0.006,39,59,0.003
D. K-8 / 751 +,WARREN,1785,GREAT MEADOWS REGIONAL,,,0.000,8,4,0.001,24,29,0.002
D. K-8 / 751 +,WARREN,1840,GREENWICH TWP,,,0.000,40,59,0.004,37,54,0.004
D. K-8 / 751 +,WARREN,2790,LOPATCONG TWP,,,0.000,50,68,0.004,59,75,0.005
E. K-12 / 0 - 1800,,,1. State average - Operating Type K-12,,,,37,,,34,,
E. K-12 / 0 - 1800,,,2. State median - Operating Type K-12,,,,28,,,29,,
E. K-12 / 0 - 1800,,,5. State average - All operating types,,,,38,,,36,,
E. K-12 / 0 - 1800,,,6. State median - All operating types,,,,32,,,33,,
E. K-12 / 0 - 1800,BERGEN,440,BOGOTA BORO,,,0.000,82,42,0.007,82,45,0.007
E. K-12 / 0 - 1800,BERGEN,990,CRESSKILL BORO,,,0.000,15,11,0.001,17,11,0.001
E. K-12 / 0 - 1800,BERGEN,1360,EMERSON BORO,,,0.000,22,18,0.002,20,15,0.002
E. K-12 / 0 - 1800,BERGEN,2080,HASBROUCK HEIGHTS BORO,,,0.000,10,6,0.001,8,6,0.001
E. K-12 / 0 - 1800,BERGEN,2620,LEONIA BORO,,,0.000,15,11,0.001,22,19,0.002
E. K-12 / 0 - 1800,BERGEN,3170,MIDLAND PARK BORO,,,0.000,62,41,0.005,35,32,0.003
E. K-12 / 0 - 1800,BERGEN,3600,NORTH ARLINGTON BORO,,,0.000,35,26,0.003,43,36,0.004
E. K-12 / 0 - 1800,BERGEN,3910,PALISADES PARK,,,0.000,43,33,0.003,15,10,0.001
E. K-12 / 0 - 1800,BERGEN,3940,PARK RIDGE BORO,,,0.000,52,38,0.004,58,42,0.004
E. K-12 / 0 - 1800,BERGEN,4610,SADDLE BROOK TWP,,,0.000,18,16,0.001,12,8,0.001
E. K-12 / 0 - 1800,BERGEN,5410,WALDWICK BORO,,,0.000,35,26,0.003,33,26,0.002
E. K-12 / 0 - 1800,BERGEN,5430,WALLINGTON BORO,,,0.000,,,0.000,4,3,0.000
E. K-12 / 0 - 1800,BERGEN,5830,WOOD-RIDGE BORO,,,0.000,26,21,0.002,34,29,0.003
E. K-12 / 0 - 1800,BURLINGTON,1520,FLORENCE TWP,,,0.000,31,24,0.003,21,18,0.002
E. K-12 / 0 - 1800,BURLINGTON,3920,PALMYRA BORO,,,0.000,43,33,0.003,33,26,0.003
E. K-12 / 0 - 1800,BURLINGTON,4450,RIVERSIDE TWP,,,0.000,8,3,0.001,18,13,0.001
E. K-12 / 0 - 1800,CAMDEN,150,AUDUBON BORO,,,0.000,10,6,0.001,24,20,0.002
E. K-12 / 0 - 1800,CAMDEN,1880,HADDON HEIGHTS BORO,,,0.000,43,33,0.003,42,35,0.003
E. K-12 / 0 - 1800,CAMDEN,3770,OAKLYN BORO,,,0.000,38,29,0.003,34,29,0.003
E. K-12 / 0 - 1800,CAPE MAY,5790,WILDWOOD CITY,,,0.000,33,25,0.002,17,11,0.001
E. K-12 / 0 - 1800,ESSEX,760,CEDAR GROVE TWP,,,0.000,43,33,0.003,52,41,0.004
E. K-12 / 0 - 1800,GLOUCESTER,860,CLAYTON BORO,,,0.000,15,11,0.001,19,14,0.002
E. K-12 / 0 - 1800,GLOUCESTER,4020,PAULSBORO BORO,,,0.000,8,3,0.001,11,7,0.001
E. K-12 / 0 - 1800,GLOUCESTER,4140,PITMAN BORO,,,0.000,3,1,0.000,3,1,0.000
E. K-12 / 0 - 1800,GLOUCESTER,5860,WOODBURY CITY,,,0.000,4,2,0.000,14,9,0.001
E. K-12 / 0 - 1800,HUDSON,5580,WEEHAWKEN TWP,,,0.000,46,37,0.003,45,37,0.003
E. K-12 / 0 - 1800,MIDDLESEX,1140,DUNELLEN BORO,,,0.000,35,26,0.003,26,21,0.002
E. K-12 / 0 - 1800,MIDDLESEX,2150,HIGHLAND PARK BORO,,,0.000,14,10,0.001,35,32,0.002
E. K-12 / 0 - 1800,MIDDLESEX,4830,SOUTH AMBOY CITY,,,0.000,22,18,0.002,30,23,0.003
E. K-12 / 0 - 1800,MONMOUTH,2400,KEANSBURG BORO,,,0.000,202,44,0.012,48,38,0.003
E. K-12 / 0 - 1800,MONMOUTH,2430,KEYPORT BORO,,,0.000,57,39,0.004,34,29,0.003
E. K-12 / 0 - 1800,MONMOUTH,2930,MANASQUAN BORO,,,0.000,27,23,0.002,20,15,0.002
E. K-12 / 0 - 1800,MORRIS,450,BOONTON TOWN,,,0.000,40,31,0.002,51,40,0.003
E. K-12 / 0 - 1800,MORRIS,630,BUTLER BORO,,,0.000,61,40,0.004,58,42,0.004
E. K-12 / 0 - 1800,MORRIS,3460,MOUNTAIN LAKES BORO,,,0.000,18,16,0.001,31,24,0.002
E. K-12 / 0 - 1800,OCEAN,4190,PLUMSTED TWP,,,0.000,173,43,0.015,79,44,0.007
E. K-12 / 0 - 1800,OCEAN,4220,POINT PLEASANT BEACH BORO,,,0.000,26,21,0.002,3,1,0.000
E. K-12 / 0 - 1800,PASSAIC,4230,POMPTON LAKES BORO,,,0.000,15,11,0.001,20,15,0.001
E. K-12 / 0 - 1800,SALEM,4630,SALEM CITY,,,0.000,38,29,0.002,37,34,0.002
E. K-12 / 0 - 1800,SALEM,5910,WOODSTOWN-PILESGROVE REG,,,0.000,9,5,0.001,7,4,0.001
E. K-12 / 0 - 1800,SOMERSET,490,BOUND BROOK BORO,,,0.000,15,11,0.001,50,39,0.004
E. K-12 / 0 - 1800,SOMERSET,3000,MANVILLE BORO,,,0.000,11,8,0.001,7,4,0.001
E. K-12 / 0 - 1800,SUSSEX,3590,NEWTON TOWN,,,0.000,13,9,0.001,33,26,0.002
E. K-12 / 0 - 1800,UNION,2420,KENILWORTH BORO,,,0.000,42,32,0.003,31,24,0.002
E. K-12 / 0 - 1800,WARREN,280,BELVIDERE TOWN,,,0.000,23,20,0.002,29,22,0.002
F. K-12 / 1801 - 350,,,1. State average - Operating Type K-12,,,,37,,,34,,
F. K-12 / 1801 - 350,,,2. State median - Operating Type K-12,,,,28,,,29,,
F. K-12 / 1801 - 350,,,5. State average - All operating types,,,,38,,,36,,
F. K-12 / 1801 - 350,,,6. State median - All operating types,,,,32,,,33,,
F. K-12 / 1801 - 3500,ATLANTIC,590,BUENA REGIONAL,,,0.000,47,48,0.004,50,58,0.004
F. K-12 / 1801 - 3500,BERGEN,300,BERGENFIELD BORO,,,0.000,22,26,0.002,36,45,0.003
F. K-12 / 1801 - 3500,BERGEN,890,CLIFFSIDE PARK BORO,,,0.000,16,17,0.001,35,42,0.003
F. K-12 / 1801 - 3500,BERGEN,1130,DUMONT BORO,,,0.000,184,66,0.016,27,31,0.002
F. K-12 / 1801 - 3500,BERGEN,1345,ELMWOOD PARK,,,0.000,55,53,0.005,50,58,0.005
F. K-12 / 1801 - 3500,BERGEN,1370,ENGLEWOOD CITY,,,0.000,9,7,0.001,24,25,0.001
F. K-12 / 1801 - 3500,BERGEN,1760,GLEN ROCK BORO,,,0.000,46,47,0.003,31,35,0.002
F. K-12 / 1801 - 3500,BERGEN,2740,LODI BOROUGH,,,0.000,7,4,0.001,6,2,0.001
F. K-12 / 1801 - 3500,BERGEN,2860,LYNDHURST TWP,,,0.000,63,56,0.005,58,66,0.005
F. K-12 / 1801 - 3500,BERGEN,2900,MAHWAH TWP,,,0.000,32,34,0.002,36,45,0.003
F. K-12 / 1801 - 3500,BERGEN,3550,NEW MILFORD BORO,,,0.000,20,22,0.002,36,45,0.003
F. K-12 / 1801 - 3500,BERGEN,4310,RAMSEY BORO,,,0.000,11,10,0.001,20,16,0.001
F. K-12 / 1801 - 3500,BERGEN,4370,RIDGEFIELD BORO,,,0.000,62,55,0.004,57,65,0.004
F. K-12 / 1801 - 3500,BERGEN,4380,RIDGEFIELD PARK TWP,,,0.000,7,4,0.001,6,2,0.000
F. K-12 / 1801 - 3500,BERGEN,4600,RUTHERFORD BORO,,,0.000,48,50,0.004,21,17,0.002
F. K-12 / 1801 - 3500,BERGEN,5755,WESTWOOD REGIONAL,,,0.000,66,59,0.005,58,66,0.004
F. K-12 / 1801 - 3500,BURLINGTON,475,BORDENTOWN REGIONAL,,,0.000,14,16,0.001,16,7,0.001
F. K-12 / 1801 - 3500,BURLINGTON,600,BURLINGTON CITY,,,0.000,17,19,0.001,21,17,0.001
F. K-12 / 1801 - 3500,BURLINGTON,840,CINNAMINSON TWP,,,0.000,33,36,0.002,23,24,0.002
F. K-12 / 1801 - 3500,BURLINGTON,1060,DELRAN TWP,,,0.000,27,29,0.002,27,31,0.002
F. K-12 / 1801 - 3500,BURLINGTON,3010,MAPLE SHADE TWP,,,0.000,10,9,0.001,28,33,0.002
F. K-12 / 1801 - 3500,CAMDEN,940,COLLINGSWOOD BORO,,,0.000,30,33,0.002,21,17,0.001
F. K-12 / 1801 - 3500,CAMDEN,1770,GLOUCESTER CITY,,,0.000,19,20,0.001,35,42,0.002
F. K-12 / 1801 - 3500,CAMDEN,1890,HADDON TWP,,,0.000,5,1,0.000,14,5,0.001
F. K-12 / 1801 - 3500,CAMDEN,1900,HADDONFIELD BORO,,,0.000,51,51,0.004,37,48,0.003
F. K-12 / 1801 - 3500,CAMDEN,2670,LINDENWOLD BORO,,,0.000,21,24,0.001,25,26,0.002
F. K-12 / 1801 - 3500,CAMDEN,4110,PINE HILL BORO,,,0.000,27,29,0.002,29,34,0.002
F. K-12 / 1801 - 3500,CAPE MAY,3130,MIDDLE TWP,,,0.000,57,54,0.005,56,64,0.005
F. K-12 / 1801 - 3500,CAPE MAY,3780,OCEAN CITY,,,0.000,43,45,0.003,40,50,0.002
F. K-12 / 1801 - 3500,ESSEX,660,CALDWELL-WEST CALDWELL,,,0.000,20,22,0.001,19,12,0.001
F. K-12 / 1801 - 3500,ESSEX,1750,GLEN RIDGE BORO,,,0.000,28,31,0.002,33,39,0.003
F. K-12 / 1801 - 3500,ESSEX,5370,VERONA BORO,,,0.000,36,39,0.003,17,10,0.001
F. K-12 / 1801 - 3500,GLOUCESTER,1730,GLASSBORO,,,0.000,36,39,0.003,22,21,0.002
F. K-12 / 1801 - 3500,GLOUCESTER,5620,WEST DEPTFORD TWP,,,0.000,6,2,0.001,15,6,0.001
F. K-12 / 1801 - 3500,HUDSON,2060,HARRISON TOWN,,,0.000,40,43,0.003,49,57,0.003
F. K-12 / 1801 - 3500,HUDSON,2210,HOBOKEN CITY,,,0.000,126,65,0.006,33,39,0.002
F. K-12 / 1801 - 3500,HUDSON,4730,SECAUCUS TOWN,,,0.000,64,57,0.005,52,62,0.004
F. K-12 / 1801 - 3500,MERCER,5510,ROBBINSVILLE TWP,,,0.000,47,48,0.004,32,38,0.003
F. K-12 / 1801 - 3500,MIDDLESEX,3120,METUCHEN BORO,,,0.000,36,39,0.003,43,53,0.003
F. K-12 / 1801 - 3500,MIDDLESEX,3140,MIDDLESEX BORO,,,0.000,34,38,0.003,31,35,0.002
F. K-12 / 1801 - 3500,MIDDLESEX,4920,SOUTH RIVER BORO,,,0.000,13,13,0.001,19,12,0.002
F. K-12 / 1801 - 3500,MIDDLESEX,4970,SPOTSWOOD BORO,,,0.000,13,13,0.001,19,12,0.002
F. K-12 / 1801 - 3500,MONMOUTH,100,ASBURY PARK CITY,,,0.000,245,67,0.010,118,69,0.005
F. K-12 / 1801 - 3500,MONMOUTH,2105,HAZLET TWP,,,0.000,19,20,0.002,19,12,0.001
F. K-12 / 1801 - 3500,MONMOUTH,2230,HOLMDEL TWP,,,0.000,,,0.000,48,56,0.003
F. K-12 / 1801 - 3500,MONMOUTH,5310,UPPER FREEHOLD REGIONAL,,,0.000,23,27,0.002,42,52,0.003
F. K-12 / 1801 - 3500,MORRIS,1110,DOVER TOWN,,,0.000,6,2,0.001,25,26,0.002
F. K-12 / 1801 - 3500,MORRIS,2460,KINNELON BORO,,,0.000,7,4,0.001,26,28,0.002
F. K-12 / 1801 - 3500,MORRIS,2870,MADISON BORO,,,0.000,53,52,0.004,35,42,0.002
F. K-12 / 1801 - 3500,MORRIS,4080,PEQUANNOCK TWP,,,0.000,39,42,0.003,47,55,0.003
F. K-12 / 1801 - 3500,OCEAN,185,BARNEGAT TWP,,,0.000,33,36,0.003,31,35,0.003
F. K-12 / 1801 - 3500,OCEAN,2940,MANCHESTER TWP,,,0.000,9,7,0.001,16,7,0.001
F. K-12 / 1801 - 3500,OCEAN,4210,POINT PLEASANT BORO,,,0.000,12,12,0.001,16,7,0.002
F. K-12 / 1801 - 3500,PASSAIC,2100,HAWTHORNE BORO,,,0.000,11,10,0.001,12,4,0.001
F. K-12 / 1801 - 3500,SALEM,4070,PENNS GRV-CARNEY'S PT REG,,,0.000,,,0.000,2,1,0.000
F. K-12 / 1801 - 3500,SALEM,4075,PENNSVILLE,,,0.000,64,57,0.005,26,28,0.002
F. K-12 / 1801 - 3500,SALEM,4150,PITTSGROVE TWP,,,0.000,82,62,0.007,22,21,0.002
F. K-12 / 1801 - 3500,SOMERSET,3670,NORTH PLAINFIELD BORO,,,0.000,86,63,0.006,63,68,0.005
F. K-12 / 1801 - 3500,SOMERSET,4815,SOMERSET HILLS REGIONAL,,,0.000,13,13,0.001,38,49,0.003
F. K-12 / 1801 - 3500,SOMERSET,4820,SOMERVILLE BORO,,,0.000,42,44,0.003,51,60,0.004
F. K-12 / 1801 - 3500,SUSSEX,2240,HOPATCONG,,,0.000,16,17,0.001,22,21,0.002
F. K-12 / 1801 - 3500,UNION,310,BERKELEY HEIGHTS TWP,,,0.000,45,46,0.003,40,50,0.003
F. K-12 / 1801 - 3500,UNION,850,CLARK TWP,,,0.000,25,28,0.002,45,54,0.004
F. K-12 / 1801 - 3500,UNION,2190,HILLSIDE TWP,,,0.000,32,34,0.002,26,28,0.002
F. K-12 / 1801 - 3500,UNION,3560,NEW PROVIDENCE BORO,,,0.000,21,24,0.002,18,11,0.001
F. K-12 / 1801 - 3500,UNION,4540,ROSELLE BORO,,,0.000,95,64,0.007,51,60,0.004
F. K-12 / 1801 - 3500,UNION,4550,ROSELLE PARK BORO,,,0.000,74,60,0.005,33,39,0.002
F. K-12 / 1801 - 3500,UNION,5000,SPRINGFIELD TWP,,,0.000,80,61,0.006,53,63,0.004
F. K-12 / 1801 - 3500,WARREN,1870,HACKETTSTOWN,,,0.000,28,31,0.002,21,17,0.002
G. K-12 / 3501 +,,,1. State average - Operating Type K-12,,,,37,,,34,,
G. K-12 / 3501 +,,,2. State median - Operating Type K-12,,,,28,,,29,,
G. K-12 / 3501 +,,,5. State average - All operating types,,,,38,,,36,,
G. K-12 / 3501 +,,,6. State median - All operating types,,,,32,,,33,,
G. K-12 / 3501 +,ATLANTIC,110,ATLANTIC CITY,,,0.000,210,105,0.012,194,106,0.010
G. K-12 / 3501 +,ATLANTIC,1310,EGG HARBOR TWP,,,0.000,35,68,0.003,29,54,0.002
G. K-12 / 3501 +,ATLANTIC,1960,HAMMONTON TOWN,,,0.000,77,95,0.007,67,100,0.006
G. K-12 / 3501 +,ATLANTIC,4180,PLEASANTVILLE CITY,,,0.000,107,102,0.007,55,92,0.003
G. K-12 / 3501 +,BERGEN,1450,FAIR LAWN BORO,,,0.000,57,87,0.004,39,75,0.003
G. K-12 / 3501 +,BERGEN,1550,FORT LEE BORO,,,0.000,72,93,0.006,40,76,0.003
G. K-12 / 3501 +,BERGEN,1700,GARFIELD CITY,,,0.000,23,41,0.002,33,62,0.002
G. K-12 / 3501 +,BERGEN,1860,HACKENSACK CITY,,,0.000,15,15,0.001,16,11,0.001
G. K-12 / 3501 +,BERGEN,3930,PARAMUS BORO,,,0.000,11,8,0.001,17,15,0.001
G. K-12 / 3501 +,BERGEN,4390,RIDGEWOOD VILLAGE,,,0.000,15,15,0.001,8,2,0.001
G. K-12 / 3501 +,BERGEN,5150,TEANECK TWP,,,0.000,131,104,0.008,65,99,0.004
G. K-12 / 3501 +,BERGEN,5160,TENAFLY BORO,,,0.000,22,34,0.002,24,41,0.002
G. K-12 / 3501 +,BURLINGTON,620,BURLINGTON TWP,,,0.000,26,46,0.002,28,51,0.002
G. K-12 / 3501 +,BURLINGTON,3360,MOORESTOWN TWP,,,0.000,41,77,0.003,41,78,0.003
G. K-12 / 3501 +,BURLINGTON,4050,PEMBERTON TWP,,,0.000,15,15,0.001,16,11,0.001
G. K-12 / 3501 +,BURLINGTON,5805,WILLINGBORO TWP,,,0.000,108,103,0.008,62,98,0.005
G. K-12 / 3501 +,CAMDEN,680,CAMDEN CITY,,,0.000,55,86,0.003,37,72,0.002
G. K-12 / 3501 +,CAMDEN,800,CHERRY HILL TWP,,,0.000,32,64,0.003,33,62,0.003
G. K-12 / 3501 +,CAMDEN,4060,PENNSAUKEN TWP,,,0.000,22,34,0.002,26,48,0.002
G. K-12 / 3501 +,CAMDEN,5820,WINSLOW TWP,,,0.000,38,70,0.003,34,68,0.003
G. K-12 / 3501 +,CUMBERLAND,540,BRIDGETON CITY,,,0.000,26,46,0.002,23,33,0.002
G. K-12 / 3501 +,CUMBERLAND,3230,MILLVILLE CITY,,,0.000,12,9,0.001,13,6,0.001
G. K-12 / 3501 +,CUMBERLAND,5390,VINELAND CITY,,,0.000,14,13,0.001,18,21,0.001
G. K-12 / 3501 +,ESSEX,250,BELLEVILLE TOWN,,,0.000,29,58,0.002,24,41,0.002
G. K-12 / 3501 +,ESSEX,410,BLOOMFIELD TWP,,,0.000,50,81,0.004,46,84,0.004
G. K-12 / 3501 +,ESSEX,1210,EAST ORANGE,,,0.000,92,100,0.005,82,104,0.005
G. K-12 / 3501 +,ESSEX,2330,IRVINGTON TOWNSHIP,,,0.000,61,88,0.004,48,87,0.003
G. K-12 / 3501 +,ESSEX,2730,LIVINGSTON TWP,,,0.000,31,62,0.002,33,62,0.002
G. K-12 / 3501 +,ESSEX,3190,MILLBURN TWP,,,0.000,54,84,0.004,42,81,0.003
G. K-12 / 3501 +,ESSEX,3310,MONTCLAIR TOWN,,,0.000,29,58,0.002,33,62,0.002
G. K-12 / 3501 +,ESSEX,3570,NEWARK CITY,,,0.000,38,70,0.002,41,78,0.002
G. K-12 / 3501 +,ESSEX,3750,NUTLEY TOWN,,,0.000,63,89,0.005,42,81,0.004
G. K-12 / 3501 +,ESSEX,3880,CITY OF ORANGE TWP,,,0.000,22,34,0.001,23,33,0.002
G. K-12 / 3501 +,ESSEX,4900,SOUTH ORANGE-MAPLEWOOD,,,0.000,33,66,0.002,20,27,0.001
G. K-12 / 3501 +,ESSEX,5680,WEST ORANGE TOWN,,,0.000,2,1,0.000,29,54,0.002
G. K-12 / 3501 +,GLOUCESTER,1100,DEPTFORD TWP,,,0.000,9,6,0.001,17,15,0.001
G. K-12 / 3501 +,GLOUCESTER,3280,MONROE TWP,,,0.000,34,67,0.003,34,68,0.003
G. K-12 / 3501 +,GLOUCESTER,5500,WASHINGTON TWP,,,0.000,18,24,0.001,23,33,0.002
G. K-12 / 3501 +,HUDSON,220,BAYONNE CITY,,,0.000,31,62,0.003,17,15,0.001
G. K-12 / 3501 +,HUDSON,2390,JERSEY CITY,,,0.000,23,41,0.001,41,78,0.002
G. K-12 / 3501 +,HUDSON,2410,KEARNY TOWN,,,0.000,16,18,0.001,17,15,0.001
G. K-12 / 3501 +,HUDSON,3610,NORTH BERGEN TWP,,,0.000,90,99,0.008,96,105,0.008
G. K-12 / 3501 +,HUDSON,5240,UNION CITY,,,0.000,53,83,0.003,49,88,0.003
G. K-12 / 3501 +,HUDSON,5670,WEST NEW YORK TOWN,,,0.000,23,41,0.002,19,25,0.001
G. K-12 / 3501 +,MERCER,1245,EAST WINDSOR REGIONAL,,,0.000,38,70,0.003,40,76,0.003
G. K-12 / 3501 +,MERCER,1430,EWING TWP,,,0.000,7,2,0.001,1,1,0.000
G. K-12 / 3501 +,MERCER,1950,HAMILTON TWP,,,0.000,12,9,0.001,17,15,0.001
G. K-12 / 3501 +,MERCER,2280,HOPEWELL VALLEY REGIONAL,,,0.000,19,26,0.001,49,88,0.003
G. K-12 / 3501 +,MERCER,2580,LAWRENCE TWP,,,0.000,20,28,0.001,18,21,0.001
G. K-12 / 3501 +,MERCER,4255,PRINCETON REGIONAL,,,0.000,19,26,0.001,24,41,0.001
G. K-12 / 3501 +,MERCER,5210,TRENTON CITY,,,0.000,39,74,0.002,28,51,0.002
G. K-12 / 3501 +,MERCER,5715,W WINDSOR-PLAINSBORO REG,,,0.000,20,28,0.002,49,88,0.004
G. K-12 / 3501 +,MIDDLESEX,750,CARTERET BORO,,,0.000,27,49,0.002,45,83,0.004
G. K-12 / 3501 +,MIDDLESEX,1170,EAST BRUNSWICK TWP,,,0.000,28,55,0.002,24,41,0.002
G. K-12 / 3501 +,MIDDLESEX,1290,EDISON TWP,,,0.000,30,60,0.002,23,33,0.002
G. K-12 / 3501 +,MIDDLESEX,3290,MONROE TWP,,,0.000,30,60,0.002,23,33,0.002
G. K-12 / 3501 +,MIDDLESEX,3530,NEW BRUNSWICK CITY,,,0.000,21,31,0.001,22,29,0.001
G. K-12 / 3501 +,MIDDLESEX,3620,NORTH BRUNSWICK TWP,,,0.000,27,49,0.002,17,15,0.001
G. K-12 / 3501 +,MIDDLESEX,3845,OLD BRIDGE TWP,,,0.000,16,18,0.001,24,41,0.002
G. K-12 / 3501 +,MIDDLESEX,4090,PERTH AMBOY CITY,,,0.000,14,13,0.001,16,11,0.001
G. K-12 / 3501 +,MIDDLESEX,4130,PISCATAWAY TWP,,,0.000,22,34,0.002,22,29,0.002
G. K-12 / 3501 +,MIDDLESEX,4660,SAYREVILLE BORO,,,0.000,12,9,0.001,18,21,0.002
G. K-12 / 3501 +,MIDDLESEX,4860,SOUTH BRUNSWICK TWP,,,0.000,9,6,0.001,16,11,0.001
G. K-12 / 3501 +,MIDDLESEX,4910,SOUTH PLAINFIELD BORO,,,0.000,76,94,0.006,60,94,0.005
G. K-12 / 3501 +,MIDDLESEX,5850,WOODBRIDGE TWP,,,0.000,,,0.000,29,54,0.002
G. K-12 / 3501 +,MONMOUTH,2770,LONG BRANCH CITY,,,0.000,17,21,0.001,14,7,0.001
G. K-12 / 3501 +,MONMOUTH,3040,MATAWAN-ABERDEEN REGIONAL,,,0.000,26,46,0.002,37,72,0.003
G. K-12 / 3501 +,MONMOUTH,3160,MIDDLETOWN TWP,,,0.000,27,49,0.002,23,33,0.002
G. K-12 / 3501 +,MONMOUTH,3510,NEPTUNE TWP,,,0.000,22,34,0.001,25,47,0.002
G. K-12 / 3501 +,MONMOUTH,3810,OCEAN TWP,,,0.000,25,45,0.002,31,57,0.002
G. K-12 / 3501 +,MONMOUTH,5420,WALL TWP,,,0.000,28,55,0.002,31,57,0.002
G. K-12 / 3501 +,MORRIS,785,SCH DIST OF THE CHATHAMS,,,0.000,16,18,0.001,26,48,0.002
G. K-12 / 3501 +,MORRIS,2380,JEFFERSON TWP,,,0.000,38,70,0.003,60,94,0.005
G. K-12 / 3501 +,MORRIS,3340,MONTVILLE TWP,,,0.000,70,91,0.005,73,102,0.006
G. K-12 / 3501 +,MORRIS,3385,MORRIS SCHOOL DISTRICT,,,0.000,28,55,0.002,31,57,0.002
G. K-12 / 3501 +,MORRIS,3450,MOUNT OLIVE TWP,,,0.000,39,74,0.003,34,68,0.003
G. K-12 / 3501 +,MORRIS,3950,PARSIPPANY-TROY HILLS TWP,,,0.000,17,21,0.001,27,50,0.002
G. K-12 / 3501 +,MORRIS,4330,RANDOLPH TWP,,,0.000,81,96,0.006,60,94,0.005
G. K-12 / 3501 +,MORRIS,4560,ROXBURY TWP,,,0.000,27,49,0.002,15,8,0.001
G. K-12 / 3501 +,OCEAN,530,BRICK TWP,,,0.000,22,34,0.002,24,41,0.002
G. K-12 / 3501 +,OCEAN,2360,JACKSON TWP,,,0.000,27,49,0.002,37,72,0.003
G. K-12 / 3501 +,OCEAN,2480,LACEY TWP,,,0.000,54,84,0.005,33,62,0.003
G. K-12 / 3501 +,OCEAN,2520,LAKEWOOD TWP,,,0.000,85,98,0.007,68,101,0.005
G. K-12 / 3501 +,OCEAN,5190,TOMS RIVER REGIONAL,,,0.000,99,101,0.009,11,3,0.001
G. K-12 / 3501 +,PASSAIC,900,CLIFTON CITY,,,0.000,39,74,0.003,36,71,0.003
G. K-12 / 3501 +,PASSAIC,3970,PASSAIC CITY,,,0.000,22,34,0.002,22,29,0.002
G. K-12 / 3501 +,PASSAIC,4010,PATERSON CITY,,,0.000,46,79,0.003,61,97,0.004
G. K-12 / 3501 +,PASSAIC,5570,WAYNE TWP,,,0.000,70,91,0.005,46,84,0.003
G. K-12 / 3501 +,PASSAIC,5650,WEST MILFORD TWP,,,0.000,21,31,0.002,22,29,0.002
G. K-12 / 3501 +,SOMERSET,350,BERNARDS TWP,,,0.000,18,24,0.001,12,5,0.001
G. K-12 / 3501 +,SOMERSET,555,BRIDGEWATER-RARITAN REG,,,0.000,24,44,0.002,33,62,0.003
G. K-12 / 3501 +,SOMERSET,1610,FRANKLIN TWP,,,0.000,17,21,0.001,23,33,0.002
G. K-12 / 3501 +,SOMERSET,2170,HILLSBOROUGH TWP,,,0.000,7,2,0.001,23,33,0.002
G. K-12 / 3501 +,SOMERSET,3320,MONTGOMERY TWP,,,0.000,68,90,0.006,59,93,0.005
G. K-12 / 3501 +,SUSSEX,4960,SPARTA TWP,,,0.000,43,78,0.004,15,8,0.001
G. K-12 / 3501 +,SUSSEX,5360,VERNON TWP,,,0.000,8,4,0.001,11,3,0.001
G. K-12 / 3501 +,UNION,980,CRANFORD TWP,,,0.000,32,64,0.003,28,51,0.002
G. K-12 / 3501 +,UNION,1320,ELIZABETH CITY,,,0.000,27,49,0.002,47,86,0.003
G. K-12 / 3501 +,UNION,2660,LINDEN CITY,,,0.000,37,69,0.003,49,88,0.004
G. K-12 / 3501 +,UNION,4160,PLAINFIELD CITY,,,0.000,84,97,0.005,79,103,0.006
G. K-12 / 3501 +,UNION,4290,RAHWAY CITY,,,0.000,21,31,0.002,21,28,0.002
G. K-12 / 3501 +,UNION,4670,SCOTCH PLAINS-FANWOOD REG,,,0.000,13,12,0.001,18,21,0.002
G. K-12 / 3501 +,UNION,5090,SUMMIT CITY,,,0.000,50,81,0.004,31,57,0.002
G. K-12 / 3501 +,UNION,5290,UNION TWP,,,0.000,8,4,0.001,19,25,0.002
G. K-12 / 3501 +,UNION,5730,WESTFIELD TOWN,,,0.000,20,28,0.002,15,8,0.001
G. K-12 / 3501 +,WARREN,4100,PHILLIPSBURG TOWN,,,0.000,47,80,0.003,32,61,0.002
H. 7-12 / 9-12,,,1. State average - Operating Type 7-12,,,,39,,,31,,
H. 7-12 / 9-12,,,2. State median - Operating Type 7-12,,,,27,,,34,,
H. 7-12 / 9-12,,,3. State average - Operating Type 9-12,,,,48,,,45,,
H. 7-12 / 9-12,,,4. State median - Operating Type 9-12,,,,38,,,39,,
H. 7-12 / 9-12,,,5. State average - All operating types,,,,38,,,36,,
H. 7-12 / 9-12,,,6. State median - All operating types,,,,32,,,33,,
H. 7-12 / 9-12,ATLANTIC,1790,GREATER EGG HARBOR REG,,,0.000,19,9,0.002,25,15,0.002
H. 7-12 / 9-12,ATLANTIC,2910,MAINLAND REGIONAL,,,0.000,29,21,0.002,32,19,0.002
H. 7-12 / 9-12,BERGEN,745,CARLSTADT-EAST RUTHERFORD,,,0.000,56,34,0.003,75,42,0.004
H. 7-12 / 9-12,BERGEN,3700,NORTHERN HIGHLANDS REG,,,0.000,33,24,0.002,48,32,0.003
H. 7-12 / 9-12,BERGEN,3710,NORTHERN VALLEY REGIONAL,,,0.000,21,10,0.001,38,24,0.003
H. 7-12 / 9-12,BERGEN,3960,PASCACK VALLEY REGIONAL,,,0.000,25,16,0.001,36,22,0.002
H. 7-12 / 9-12,BERGEN,4300,RAMAPO-INDIAN HILL REG,,,0.000,78,41,0.005,68,39,0.004
H. 7-12 / 9-12,BERGEN,4405,RIVER DELL REGIONAL,,,0.000,62,38,0.004,39,25,0.003
H. 7-12 / 9-12,BURLINGTON,2610,LENAPE REGIONAL,,,0.000,85,42,0.006,66,38,0.004
H. 7-12 / 9-12,BURLINGTON,3690,NORTHERN BURLINGTON REG,,,0.000,27,19,0.002,17,6,0.001
H. 7-12 / 9-12,BURLINGTON,4320,RANCOCAS VALLEY REGIONAL,,,0.000,30,22,0.003,41,28,0.003
H. 7-12 / 9-12,CAMDEN,390,BLACK HORSE PIKE REGIONAL,,,0.000,26,17,0.002,26,16,0.002
H. 7-12 / 9-12,CAMDEN,1255,EASTERN CAMDEN COUNTY REG,,,0.000,108,43,0.008,101,46,0.008
H. 7-12 / 9-12,CAMDEN,5035,STERLING HIGH SCHOOL DIST,,,0.000,22,12,0.002,22,13,0.002
H. 7-12 / 9-12,CAPE MAY,2820,LOWER CAPE MAY REGIONAL,,,0.000,26,17,0.002,17,6,0.001
H. 7-12 / 9-12,CUMBERLAND,997,CUMBERLAND REGIONAL,,,0.000,40,27,0.003,17,6,0.002
H. 7-12 / 9-12,ESSEX,5630,WEST ESSEX REGIONAL,,,0.000,16,8,0.001,76,43,0.005
H. 7-12 / 9-12,GLOUCESTER,870,CLEARVIEW REGIONAL,,,0.000,6,3,0.001,6,3,0.001
H. 7-12 / 9-12,GLOUCESTER,1715,GATEWAY REGIONAL,,,0.000,31,23,0.002,31,18,0.002
H. 7-12 / 9-12,GLOUCESTER,2440,KINGSWAY REGIONAL,,,0.000,10,6,0.001,15,5,0.002
H. 7-12 / 9-12,GLOUCESTER,4940,DELSEA REGIONAL H.S DIST.,,,0.000,11,7,0.001,21,12,0.002
H. 7-12 / 9-12,HUNTERDON,1050,DELAWARE VALLEY REGIONAL,,,0.000,52,33,0.004,48,32,0.004
H. 7-12 / 9-12,HUNTERDON,2300,HUNTERDON CENTRAL REG,,,0.000,23,13,0.002,39,25,0.002
H. 7-12 / 9-12,HUNTERDON,3660,N HUNT/VOORHEES REGIONAL,,,0.000,67,40,0.004,117,47,0.007
H. 7-12 / 9-12,HUNTERDON,4890,SOUTH HUNTERDON REGIONAL,,,0.000,139,44,0.006,61,37,0.003
H. 7-12 / 9-12,MONMOUTH,1650,FREEHOLD REGIONAL,,,0.000,41,28,0.004,34,21,0.003
H. 7-12 / 9-12,MONMOUTH,2120,HENRY HUDSON REGIONAL,,,0.000,145,45,0.009,72,41,0.004
H. 7-12 / 9-12,MONMOUTH,3270,MONMOUTH REGIONAL,,,0.000,41,28,0.002,24,14,0.001
H. 7-12 / 9-12,MONMOUTH,4365,RED BANK REGIONAL,,,0.000,50,32,0.003,18,10,0.001
H. 7-12 / 9-12,MONMOUTH,4580,RUMSON-FAIR HAVEN REG,,,0.000,27,19,0.002,27,17,0.002
H. 7-12 / 9-12,MONMOUTH,4760,SHORE REGIONAL,,,0.000,44,31,0.003,58,36,0.004
H. 7-12 / 9-12,MORRIS,1990,HANOVER PARK REGIONAL,,,0.000,60,36,0.004,51,34,0.003
H. 7-12 / 9-12,MORRIS,3370,MORRIS HILLS REGIONAL,,,0.000,21,10,0.001,33,20,0.002
H. 7-12 / 9-12,MORRIS,5660,WEST MORRIS REGIONAL,,,0.000,38,26,0.003,46,30,0.003
H. 7-12 / 9-12,OCEAN,770,CENTRAL REGIONAL,,,0.000,178,46,0.013,69,40,0.005
H. 7-12 / 9-12,OCEAN,4105,PINELANDS REGIONAL,,,0.000,58,35,0.004,55,35,0.004
H. 7-12 / 9-12,OCEAN,4950,SOUTHERN REGIONAL,,,0.000,9,5,0.001,13,4,0.001
H. 7-12 / 9-12,PASSAIC,2510,LAKELAND REGIONAL,,,0.000,41,28,0.003,43,29,0.003
H. 7-12 / 9-12,PASSAIC,3980,PASSAIC CO MANCHESTER REG,,,0.000,66,39,0.005,94,45,0.008
H. 7-12 / 9-12,PASSAIC,3990,PASSAIC VALLEY REGIONAL,,,0.000,1,1,0.000,1,1,0.000
H. 7-12 / 9-12,SOMERSET,5550,WATCHUNG HILLS REGIONAL,,,0.000,190,47,0.014,77,44,0.005
H. 7-12 / 9-12,SUSSEX,2165,HIGH POINT REGIONAL,,,0.000,36,25,0.002,46,30,0.003
H. 7-12 / 9-12,SUSSEX,2465,KITTATINNY REGIONAL,,,0.000,8,4,0.001,17,6,0.001
H. 7-12 / 9-12,SUSSEX,2615,LENAPE VALLEY REGIONAL,,,0.000,24,15,0.002,18,10,0.001
H. 7-12 / 9-12,SUSSEX,5435,WALLKILL VALLEY REGIONAL,,,0.000,3,2,0.000,4,2,0.000
H. 7-12 / 9-12,WARREN,3675,NORTH WARREN REGIONAL,,,0.000,60,36,0.005,39,25,0.003
H. 7-12 / 9-12,WARREN,5465,WARREN HILLS REGIONAL,,,0.000,23,13,0.002,36,22,0.003
I. CSSD,,,1. State average -  Operating Type CSSD,,,,122,,,133,,
I. CSSD,,,2. State median - Operating Type CSSD,,,,82,,,97,,
I. CSSD,,,5. State average - All operating types,,,,38,,,36,,
I. CSSD,,,6. State median - All operating types,,,,32,,,33,,
I. CSSD,ATLANTIC,125,ATLANTIC CO SPECIAL SERV,,,0.000,59,4,0.001,85,4,0.002
I. CSSD,BERGEN,285,BERGEN CO SPECIAL SERVICE,,,0.000,263,8,0.004,289,8,0.004
I. CSSD,BURLINGTON,605,BURLINGTON CO SPEC SERV,,,0.000,43,3,0.001,48,2,0.001
I. CSSD,CAPE MAY,715,CAPE MAY CO SPECIAL SERV,,,0.000,29,2,0.001,67,3,0.001
I. CSSD,GLOUCESTER,1774,GLOUCESTER CO SPEC SERV,,,0.000,165,6,0.005,148,6,0.004
I. CSSD,MERCER,3103,MERCER CO SPECIAL SERVICE,,,0.000,104,5,0.002,109,5,0.002
I. CSSD,SALEM,4635,SALEM CO SPECIAL SERVICE,,,0.000,9,1,0.000,36,1,0.001
I. CSSD,WARREN,5450,WARREN CO SPECIAL SERVICE,,,0.000,218,7,0.005,233,7,0.006
J. VOC,,,1. State average - Operating Type VOC,,,,52,,,53,,
J. VOC,,,2. State median - Operating Type VOC,,,,32,,,38,,
J. VOC,,,5. State average - All operating types,,,,38,,,36,,
J. VOC,,,6. State median - All operating types,,,,32,,,33,,
J. VOC,ATLANTIC,120,ATLANTIC CO VOCATIONAL,,,0.000,21,8,0.002,28,8,0.002
J. VOC,BERGEN,290,BERGEN COUNTY VOCATIONAL,,,0.000,183,20,0.007,236,21,0.009
J. VOC,BURLINGTON,610,BURLINGTON CO VOCATIONAL,,,0.000,10,4,0.001,13,4,0.001
J. VOC,CAMDEN,700,CAMDEN COUNTY VOCATIONAL,,,0.000,14,6,0.001,9,1,0.001
J. VOC,CAPE MAY,720,CAPE MAY CO VOCATIONAL,,,0.000,40,12,0.002,38,11,0.002
J. VOC,CUMBERLAND,995,CUMBERLAND CO VOCATIONAL,,,0.000,29,10,0.003,59,15,0.005
J. VOC,ESSEX,1390,ESSEX CO VOC-TECH,,,0.000,13,5,0.001,42,13,0.003
J. VOC,GLOUCESTER,1775,GLOUCESTER CO VOCATIONAL,,,0.000,9,3,0.001,12,2,0.001
J. VOC,HUDSON,2295,HUDSON COUNTY VOCATIONAL,,,0.000,129,17,0.004,21,6,0.002
J. VOC,HUNTERDON,2308,HUNTERDON CO VOCATIONAL,,,0.000,2,1,0.000,12,2,0.001
J. VOC,MERCER,3105,MERCER COUNTY VOCATIONAL,,,0.000,96,16,0.006,73,16,0.005
J. VOC,MIDDLESEX,3150,MIDDLESEX CO VOCATIONAL,,,0.000,19,7,0.001,18,5,0.001
J. VOC,MONMOUTH,3260,MONMOUTH CO VOCATIONAL,,,0.000,6,2,0.000,25,7,0.002
J. VOC,MORRIS,3365,MORRIS COUNTY VOCATIONAL,,,0.000,25,9,0.001,52,14,0.003
J. VOC,OCEAN,3790,OCEAN COUNTY VOCATIONAL,,,0.000,41,13,0.003,32,10,0.003
J. VOC,PASSAIC,3995,PASSAIC COUNTY VOCATIONAL,,,0.000,68,15,0.004,73,16,0.004
J. VOC,SALEM,4640,SALEM COUNTY VOCATIONAL,,,0.000,32,11,0.003,28,8,0.003
J. VOC,SOMERSET,4810,SOMERSET CO VOCATIONAL,,,0.000,160,19,0.005,148,19,0.006
J. VOC,SUSSEX,5110,SUSSEX COUNTY VOCATIONAL,,,0.000,150,18,0.007,119,18,0.006
J. VOC,UNION,5260,UNION COUNTY VOCATIONAL,,,0.000,41,13,0.004,38,11,0.003
J. VOC,WARREN,5460,WARREN COUNTY VOCATIONAL,,,0.000,237,21,0.015,193,20,0.015
