GROUP,CONAME,DIST,DISTNAME,FARAT0019,RK0019,FARAT0119,RK0119
A. K-6,,,K-6 Average,15.3,,15.1,
A. K-6,BERGEN,1270,EDGEWATER BORO,16.1,22,12.7,39
A. K-6,BERGEN,3870,ORADELL BORO,14.1,35,14.4,30
A. K-6,BERGEN,4410,RIVER EDGE BORO,18.1,13,18.5,10
A. K-6,BERGEN,4620,SADDLE RIVER BORO,6.7,56,6.7,56
A. K-6,BURLINGTON,200,BASS RIVER TWP,14.3,33,14.6,28
A. K-6,BURLINGTON,830,CHESTERFIELD TWP,11.5,41,12.2,42
A. K-6,BURLINGTON,2960,MANSFIELD TWP,15.3,27,15.3,25
A. K-6,BURLINGTON,3650,NORTH HANOVER TWP,16.3,21,16.6,18
A. K-6,BURLINGTON,5010,SPRINGFIELD TWP,10.3,48,10.6,48
A. K-6,CAMDEN,2540,LAUREL SPRINGS BORO,18.4,12,16.3,20
A. K-6,CAMDEN,5560,WATERFORD TWP,14.9,31,18.8,8
A. K-6,CAPE MAY,710,CAPE MAY CITY,11.2,44,12.1,43
A. K-6,CAPE MAY,2840,LOWER TWP,26.4,1,22.8,3
A. K-6,CAPE MAY,4700,SEA ISLE CITY,15,30,13.3,36
A. K-6,CAPE MAY,5610,WEST CAPE MAY BORO,4.1,59,4.3,60
A. K-6,ESSEX,1400,ESSEX FELLS BORO,15.3,27,15,26
A. K-6,ESSEX,1465,FAIRFIELD TWP,15.4,26,15.5,24
A. K-6,ESSEX,3630,NORTH CALDWELL BORO,17.7,14,18,12
A. K-6,ESSEX,4530,ROSELAND BORO,15.5,25,16,23
A. K-6,GLOUCESTER,1180,EAST GREENWICH TWP,16.6,19,14.9,27
A. K-6,GLOUCESTER,1330,ELK TWP,18.6,9,17.9,13
A. K-6,GLOUCESTER,1590,FRANKLIN TWP,15.7,23,16.9,16
A. K-6,GLOUCESTER,2070,HARRISON TWP,18.5,11,18.1,11
A. K-6,GLOUCESTER,2990,MANTUA TWP,25.9,2,18.9,7
A. K-6,GLOUCESTER,3490,NATIONAL PARK BORO,8.9,52,14.1,32
A. K-6,GLOUCESTER,4880,SOUTH HARRISON TWP,10.1,51,12.4,41
A. K-6,GLOUCESTER,5120,SWEDESBORO-WOOLWICH,19.5,8,20.2,6
A. K-6,GLOUCESTER,5590,WENONAH BORO,23,3,23.1,2
A. K-6,GLOUCESTER,5740,WESTVILLE BORO,14.2,34,7.6,54
A. K-6,GLOUCESTER,5870,WOODBURY HEIGHTS BORO,17.1,15,16.4,19
A. K-6,HUNTERDON,2530,LAMBERTVILLE CITY,8.4,53,9,52
A. K-6,HUNTERDON,2590,LEBANON BORO,13.2,36,13.7,35
A. K-6,HUNTERDON,5050,STOCKTON BORO,6.1,58,6.1,58
A. K-6,HUNTERDON,5600,WEST AMWELL TWP,12.8,39,12.8,38
A. K-6,MONMOUTH,130,ATLANTIC HIGHLANDS BORO,11.2,44,11.7,44
A. K-6,MONMOUTH,2160,HIGHLANDS BORO,6.2,57,6.3,57
A. K-6,MONMOUTH,4520,ROOSEVELT BORO,4,60,5.3,59
A. K-6,MORRIS,3240,MINE HILL TWP,21.4,5,23.6,1
A. K-6,OCEAN,230,BEACH HAVEN BORO,10.3,48,10.1,50
A. K-6,OCEAN,320,BERKELEY TWP,21.4,5,17.2,14
A. K-6,OCEAN,1150,EAGLESWOOD TWP,7.9,55,7.4,55
A. K-6,OCEAN,2350,ISLAND HEIGHTS BORO,11.4,42,11.5,46
A. K-6,OCEAN,2690,LITTLE EGG HARBOR TWP,15.6,24,16.3,20
A. K-6,OCEAN,2760,LONG BEACH ISLAND,11.4,42,12.5,40
A. K-6,OCEAN,3800,OCEAN GATE BORO,10.5,47,10.5,49
A. K-6,OCEAN,3820,OCEAN TWP,17.1,15,16.9,16
A. K-6,OCEAN,4710,SEASIDE HEIGHTS BORO,22.5,4,21.7,5
A. K-6,OCEAN,5020,STAFFORD TWP,16.7,18,17,15
A. K-6,OCEAN,5220,TUCKERTON BORO,16.8,17,16.3,20
A. K-6,SUSSEX,1630,FREDON TWP,10.3,48,9.6,51
A. K-6,SUSSEX,1980,HAMPTON TWP,13.2,36,14.4,30
A. K-6,SUSSEX,4650,SANDYSTON-WALPACK TWP,18.6,9,18.6,9
A. K-6,SUSSEX,5040,STILLWATER TWP,13.2,36,12.9,37
A. K-6,WARREN,400,BLAIRSTOWN TWP,11.6,40,11.7,44
A. K-6,WARREN,1620,FRANKLIN TWP,11.2,44,13.8,33
A. K-6,WARREN,1670,FRELINGHUYSEN TWP,8.4,53,8.9,53
A. K-6,WARREN,2470,KNOWLTON TWP,15.3,27,10.9,47
A. K-6,WARREN,2970,MANSFIELD TWP,21.4,5,21.9,4
A. K-6,WARREN,5480,WASHINGTON BORO,16.5,20,13.8,33
A. K-6,WARREN,5530,WASHINGTON TWP,14.4,32,14.5,29
B. K-8 / 0 - 400,,,K-8 Average,16.3,,16.5,
B. K-8 / 0 - 400,ATLANTIC,1410,ESTELL MANOR CITY,6.3,64,6.3,66
B. K-8 / 0 - 400,ATLANTIC,4240,PORT REPUBLIC CITY,9.9,49,9.9,44
B. K-8 / 0 - 400,ATLANTIC,5760,WEYMOUTH TWP,12.4,31,14.2,24
B. K-8 / 0 - 400,BERGEN,80,ALPINE BORO,6.6,62,6.6,65
B. K-8 / 0 - 400,BERGEN,3350,MOONACHIE BORO,9.1,53,8.8,56
B. K-8 / 0 - 400,BERGEN,4870,SOUTH HACKENSACK TWP,16.4,10,12.6,33
B. K-8 / 0 - 400,BURLINGTON,380,BEVERLY CITY,30,1,11.2,38
B. K-8 / 0 - 400,BURLINGTON,1030,DELANCO TWP,13.5,24,12.9,30
B. K-8 / 0 - 400,BURLINGTON,3540,NEW HANOVER TWP,7.4,59,15.4,18
B. K-8 / 0 - 400,BURLINGTON,4460,RIVERTON,13.1,27,13.3,27
B. K-8 / 0 - 400,BURLINGTON,5490,WASHINGTON TWP,,,,
B. K-8 / 0 - 400,BURLINGTON,5890,WOODLAND TWP,8.2,57,6.7,62
B. K-8 / 0 - 400,CAMDEN,580,BROOKLAWN BORO,25.9,3,28,4
B. K-8 / 0 - 400,CAMDEN,1720,GIBBSBORO BORO,15.8,16,16.8,11
B. K-8 / 0 - 400,CAMDEN,2560,LAWNSIDE BORO,8.7,55,9.7,48
B. K-8 / 0 - 400,CAMDEN,3110,MERCHANTVILLE BORO,29.1,2,21.5,7
B. K-8 / 0 - 400,CAPE MAY,170,AVALON BORO,16.3,11,14.7,22
B. K-8 / 0 - 400,CAPE MAY,3680,NORTH WILDWOOD CITY,10.7,43,10.3,43
B. K-8 / 0 - 400,CAPE MAY,5060,STONE HARBOR BORO,13.4,26,12.6,33
B. K-8 / 0 - 400,CAPE MAY,5800,WILDWOOD CREST BORO,16.5,9,16.9,10
B. K-8 / 0 - 400,CAPE MAY,5840,WOODBINE BORO,12.4,31,8.4,58
B. K-8 / 0 - 400,CUMBERLAND,1020,DEERFIELD TWP,16.1,12,16.2,13
B. K-8 / 0 - 400,CUMBERLAND,1120,DOWNE TWP,15.5,17,15.5,17
B. K-8 / 0 - 400,CUMBERLAND,1820,GREENWICH TWP,4.6,66,7.4,61
B. K-8 / 0 - 400,CUMBERLAND,3050,MAURICE RIVER TWP,14.5,21,16.2,13
B. K-8 / 0 - 400,CUMBERLAND,5070,STOW CREEK TWP,12.1,33,12.8,31
B. K-8 / 0 - 400,HUDSON,1200,EAST NEWARK BORO,7.4,59,7.9,60
B. K-8 / 0 - 400,HUNTERDON,430,BLOOMSBURY BORO,16.8,8,16.8,11
B. K-8 / 0 - 400,HUNTERDON,670,CALIFON BORO,13.7,23,13.9,25
B. K-8 / 0 - 400,HUNTERDON,1600,FRANKLIN TWP,9,54,9.8,46
B. K-8 / 0 - 400,HUNTERDON,1680,FRENCHTOWN BORO,13.5,24,13.7,26
B. K-8 / 0 - 400,HUNTERDON,1970,HAMPTON BORO,11.7,35,15.3,19
B. K-8 / 0 - 400,HUNTERDON,2140,HIGH BRIDGE BORO,12,34,12.5,36
B. K-8 / 0 - 400,HUNTERDON,3180,MILFORD BORO,10.2,46,10.7,41
B. K-8 / 0 - 400,MONMOUTH,180,AVON BORO,10.5,45,8.7,57
B. K-8 / 0 - 400,MONMOUTH,500,BRADLEY BEACH BORO,11,40,10.9,39
B. K-8 / 0 - 400,MONMOUTH,1000,DEAL BORO,6.5,63,6.7,62
B. K-8 / 0 - 400,MONMOUTH,1490,FARMINGDALE BORO,15.2,19,9.2,54
B. K-8 / 0 - 400,MONMOUTH,3250,MONMOUTH BEACH BORO,9.2,52,9.5,50
B. K-8 / 0 - 400,MONMOUTH,3500,NEPTUNE CITY,18,7,18,8
B. K-8 / 0 - 400,MONMOUTH,4690,SEA GIRT BORO,11.6,37,23.7,5
B. K-8 / 0 - 400,MONMOUTH,4980,SPRING LAKE BORO,7.8,58,9.7,48
B. K-8 / 0 - 400,MONMOUTH,4990,SPRING LAKE HEIGHTS BORO,16.1,12,17.2,9
B. K-8 / 0 - 400,MORRIS,2010,HARDING TOWNSHIP,13,28,13.3,27
B. K-8 / 0 - 400,MORRIS,3410,MOUNT ARLINGTON BORO,12.9,29,12.8,31
B. K-8 / 0 - 400,MORRIS,3520,NETCONG BORO,14,22,29.7,3
B. K-8 / 0 - 400,MORRIS,4440,RIVERDALE BORO,10.8,42,10.9,39
B. K-8 / 0 - 400,OCEAN,210,BAY HEAD BORO,7.3,61,9.1,55
B. K-8 / 0 - 400,OCEAN,2550,LAVALLETTE BORO,10.1,47,9.5,50
B. K-8 / 0 - 400,SALEM,1350,ELSINBORO TWP,11.6,37,12.6,33
B. K-8 / 0 - 400,SALEM,2800,LOWER ALLOWAYS CREEK,16.1,12,14.8,21
B. K-8 / 0 - 400,SALEM,2950,MANNINGTON TWP,15.3,18,15.3,19
B. K-8 / 0 - 400,SALEM,3860,OLDMANS TWP,12.6,30,14.6,23
B. K-8 / 0 - 400,SALEM,4280,QUINTON TWP,10.6,44,10.4,42
B. K-8 / 0 - 400,SALEM,5320,UPPER PITTSGROVE TWP,23.8,5,23.3,6
B. K-8 / 0 - 400,SUSSEX,1930,HAMBURG BORO,16.1,12,16,15
B. K-8 / 0 - 400,SUSSEX,2490,LAFAYETTE TWP,9.8,50,9.9,44
B. K-8 / 0 - 400,SUSSEX,3300,MONTAGUE TWP,11.7,35,11.8,37
B. K-8 / 0 - 400,SUSSEX,3840,OGDENSBURG BORO,8.3,56,8.2,59
B. K-8 / 0 - 400,SUSSEX,5030,STANHOPE BORO,11.4,39,13.3,27
B. K-8 / 0 - 400,UNION,5810,WINFIELD TWP,9.4,51,9.4,53
B. K-8 / 0 - 400,WARREN,70,ALPHA BORO,14.6,20,30,2
B. K-8 / 0 - 400,WARREN,2040,HARMONY TWP,25.9,3,15.8,16
B. K-8 / 0 - 400,WARREN,2250,HOPE TWP,6.3,64,6.7,62
B. K-8 / 0 - 400,WARREN,3890,OXFORD TWP,10.1,47,9.8,46
B. K-8 / 0 - 400,WARREN,4200,POHATCONG TWP,10.9,41,9.5,50
B. K-8 / 0 - 400,WARREN,5780,WHITE TWP,18.6,6,38.8,1
C. K-8 / 401 - 750,,,K-8 Average,16.3,,16.5,
C. K-8 / 401 - 750,ATLANTIC,1300,EGG HARBOR CITY,11.8,60,10.9,63
C. K-8 / 401 - 750,ATLANTIC,1540,FOLSOM BORO,12.2,57,12.5,51
C. K-8 / 401 - 750,ATLANTIC,3020,MARGATE CITY,14,39,13.6,40
C. K-8 / 401 - 750,ATLANTIC,3480,MULLICA TWP,12.5,52,12.8,48
C. K-8 / 401 - 750,BERGEN,740,CARLSTADT BORO,9.6,64,9.7,64
C. K-8 / 401 - 750,BERGEN,1070,DEMAREST BORO,18.2,13,17.3,13
C. K-8 / 401 - 750,BERGEN,1380,ENGLEWOOD CLIFFS BORO,17.6,16,13.9,37
C. K-8 / 401 - 750,BERGEN,2050,HARRINGTON PARK BORO,20.9,6,15.8,27
C. K-8 / 401 - 750,BERGEN,2090,HAWORTH BORO,46.9,1,44.6,1
C. K-8 / 401 - 750,BERGEN,2200,HO HO KUS BORO,17.7,15,15.3,28
C. K-8 / 401 - 750,BERGEN,3730,NORTHVALE BORO,20,7,17.4,12
C. K-8 / 401 - 750,BERGEN,3740,NORWOOD BORO,30.9,2,17.3,13
C. K-8 / 401 - 750,BERGEN,4470,ROCHELLE PARK TWP,15.5,30,25.1,2
C. K-8 / 401 - 750,BURLINGTON,1250,EASTAMPTON TWP,13.9,40,17.2,15
C. K-8 / 401 - 750,BURLINGTON,1910,HAINESPORT TWP,30.7,3,21.3,5
C. K-8 / 401 - 750,BURLINGTON,3070,MEDFORD LAKES BORO,11.9,58,11.5,59
C. K-8 / 401 - 750,CAMDEN,190,BARRINGTON BORO,19.9,8,16.8,19
C. K-8 / 401 - 750,CAMDEN,340,BERLIN TWP,15.4,31,13.7,38
C. K-8 / 401 - 750,CAMDEN,880,CLEMENTON BORO,18.5,12,18.3,9
C. K-8 / 401 - 750,CAMDEN,2890,MAGNOLIA BORO,21.7,5,21.8,4
C. K-8 / 401 - 750,CAMDEN,3420,MOUNT EPHRAIM BORO,8.2,65,8.9,65
C. K-8 / 401 - 750,CAMDEN,4790,SOMERDALE BORO,12.7,51,15.9,24
C. K-8 / 401 - 750,CAMDEN,5900,WOODLYNNE BORO,12.8,49,12.3,54
C. K-8 / 401 - 750,CAPE MAY,1080,DENNIS TWP,19.7,9,20.6,7
C. K-8 / 401 - 750,CUMBERLAND,950,COMMERCIAL TWP,18.7,11,17.5,11
C. K-8 / 401 - 750,CUMBERLAND,1460,FAIRFIELD TWP,29.5,4,15.3,28
C. K-8 / 401 - 750,CUMBERLAND,2270,HOPEWELL TWP,11.6,61,11.5,59
C. K-8 / 401 - 750,CUMBERLAND,2570,LAWRENCE TWP,16.6,23,23.2,3
C. K-8 / 401 - 750,GLOUCESTER,1830,GREENWICH TWP,15.3,32,14.6,32
C. K-8 / 401 - 750,HUNTERDON,20,ALEXANDRIA TWP,12.8,49,12.4,53
C. K-8 / 401 - 750,HUNTERDON,370,BETHLEHEM TWP,10.2,63,11.3,61
C. K-8 / 401 - 750,HUNTERDON,910,CLINTON-GLEN GARDNER,16.9,20,15.9,24
C. K-8 / 401 - 750,HUNTERDON,1040,DELAWARE TWP,12.4,54,12,56
C. K-8 / 401 - 750,HUNTERDON,1160,EAST AMWELL TWP,14.7,35,14.8,31
C. K-8 / 401 - 750,HUNTERDON,2220,HOLLAND TWP,17.4,18,17.1,16
C. K-8 / 401 - 750,HUNTERDON,2450,KINGWOOD TWP,14.5,36,14.4,34
C. K-8 / 401 - 750,HUNTERDON,2600,LEBANON TWP,16.2,24,16.2,22
C. K-8 / 401 - 750,HUNTERDON,5180,TEWKSBURY TWP,15.7,29,12.2,55
C. K-8 / 401 - 750,HUNTERDON,5270,UNION TWP,17.1,19,16.7,20
C. K-8 / 401 - 750,MIDDLESEX,970,CRANBURY TWP,13,46,13.2,45
C. K-8 / 401 - 750,MIDDLESEX,2370,JAMESBURG BORO,13.3,44,13.2,45
C. K-8 / 401 - 750,MIDDLESEX,3220,MILLTOWN BORO,14.9,34,17.1,16
C. K-8 / 401 - 750,MONMOUTH,270,BELMAR BORO,18,14,20.8,6
C. K-8 / 401 - 750,MONMOUTH,560,BRIELLE BORO,16.8,22,18.1,10
C. K-8 / 401 - 750,MONMOUTH,3830,OCEANPORT BORO,12.3,56,12.5,51
C. K-8 / 401 - 750,MONMOUTH,4770,SHREWSBURY BORO,15.9,27,16.2,22
C. K-8 / 401 - 750,MONMOUTH,5230,UNION BEACH,13.7,42,13.6,40
C. K-8 / 401 - 750,MONMOUTH,5640,WEST LONG BRANCH BORO,17.5,17,18.9,8
C. K-8 / 401 - 750,MORRIS,460,BOONTON TWP,12.5,52,12,56
C. K-8 / 401 - 750,MORRIS,3090,MENDHAM BORO,12.4,54,11.1,62
C. K-8 / 401 - 750,MORRIS,3380,MORRIS PLAINS BORO,14.4,37,15.3,28
C. K-8 / 401 - 750,MORRIS,4480,ROCKAWAY BORO,16,25,13.1,47
C. K-8 / 401 - 750,OCEAN,2500,LAKEHURST BORO,15.3,32,14.5,33
C. K-8 / 401 - 750,PASSAIC,420,BLOOMINGDALE BORO,11.9,58,12.8,48
C. K-8 / 401 - 750,PASSAIC,3640,NORTH HALEDON BORO,14.4,37,14.2,36
C. K-8 / 401 - 750,SALEM,60,ALLOWAY TWP,18.8,10,12.8,48
C. K-8 / 401 - 750,SOMERSET,240,BEDMINSTER TWP,13.8,41,13.6,40
C. K-8 / 401 - 750,SOMERSET,4850,SOUTH BOUND BROOK,13.2,45,16.6,21
C. K-8 / 401 - 750,SOMERSET,5540,WATCHUNG BORO,15.8,28,15.9,24
C. K-8 / 401 - 750,SUSSEX,90,ANDOVER REG,13,46,12,56
C. K-8 / 401 - 750,SUSSEX,1560,FRANKFORD TWP,16.9,20,16.9,18
C. K-8 / 401 - 750,SUSSEX,1570,FRANKLIN BORO,13,46,13.3,44
C. K-8 / 401 - 750,SUSSEX,1800,GREEN TWP,10.4,62,14.3,35
C. K-8 / 401 - 750,UNION,1710,GARWOOD BORO,13.6,43,13.5,43
C. K-8 / 401 - 750,WARREN,30,ALLAMUCHY TWP,16,25,13.7,38
D. K-8 / 751 +,,,K-8 Average,16.3,,16.5,
D. K-8 / 751 +,ATLANTIC,10,ABSECON CITY,18.3,30,18,39
D. K-8 / 751 +,ATLANTIC,570,BRIGANTINE CITY,16,54,15.7,60
D. K-8 / 751 +,ATLANTIC,1690,GALLOWAY TWP,20.4,12,21.8,12
D. K-8 / 751 +,ATLANTIC,1940,HAMILTON TWP,21.2,9,23,8
D. K-8 / 751 +,ATLANTIC,2680,LINWOOD CITY,15.6,57,15.5,61
D. K-8 / 751 +,ATLANTIC,3720,NORTHFIELD CITY,21.4,8,22.2,10
D. K-8 / 751 +,ATLANTIC,4800,SOMERS POINT CITY,16.5,45,16.6,51
D. K-8 / 751 +,ATLANTIC,5350,VENTNOR CITY,18,34,21.4,15
D. K-8 / 751 +,BERGEN,40,ALLENDALE BORO,14.8,66,14.7,69
D. K-8 / 751 +,BERGEN,930,CLOSTER BORO,16,54,17.1,48
D. K-8 / 751 +,BERGEN,1230,EAST RUTHERFORD BORO,12.6,82,15.2,62
D. K-8 / 751 +,BERGEN,1470,FAIRVIEW BORO,12.2,84,13.4,76
D. K-8 / 751 +,BERGEN,1580,FRANKLIN LAKES BORO,18.5,27,18.2,36
D. K-8 / 751 +,BERGEN,2180,HILLSDALE BORO,16.5,45,19.8,19
D. K-8 / 751 +,BERGEN,2710,LITTLE FERRY BORO,14,75,13.2,80
D. K-8 / 751 +,BERGEN,3060,MAYWOOD BORO,18.7,22,24.7,2
D. K-8 / 751 +,BERGEN,3330,MONTVALE BORO,14.5,68,14.9,67
D. K-8 / 751 +,BERGEN,3760,OAKLAND BORO,18.5,27,19,29
D. K-8 / 751 +,BERGEN,3850,OLD TAPPAN BORO,15.7,56,14.4,72
D. K-8 / 751 +,BERGEN,4430,RIVER VALE TWP,22.9,4,21.7,13
D. K-8 / 751 +,BERGEN,5330,UPPER SADDLE RIVER BORO,13.7,76,13.9,74
D. K-8 / 751 +,BERGEN,5880,WOODCLIFF LAKE BORO,12.2,84,13.3,78
D. K-8 / 751 +,BERGEN,5920,WYCKOFF TWP,20.6,11,17.6,44
D. K-8 / 751 +,BURLINGTON,1280,EDGEWATER PARK TWP,11.1,87,11,86
D. K-8 / 751 +,BURLINGTON,1420,EVESHAM TWP,19.1,18,18.5,34
D. K-8 / 751 +,BURLINGTON,2850,LUMBERTON TWP,15,63,13.4,76
D. K-8 / 751 +,BURLINGTON,3080,MEDFORD TWP,17.4,39,18.8,32
D. K-8 / 751 +,BURLINGTON,3430,MOUNT HOLLY TWP,12.5,83,14.5,71
D. K-8 / 751 +,BURLINGTON,3440,MOUNT LAUREL TWP,18,34,18.5,34
D. K-8 / 751 +,BURLINGTON,4740,SHAMONG TWP,16.1,52,17.7,42
D. K-8 / 751 +,BURLINGTON,4930,SOUTHAMPTON TWP,13.2,80,13.3,78
D. K-8 / 751 +,BURLINGTON,5130,TABERNACLE TWP,13.6,78,15.8,58
D. K-8 / 751 +,BURLINGTON,5720,WESTAMPTON,14.5,68,14.9,67
D. K-8 / 751 +,CAMDEN,260,BELLMAWR BORO,14.5,68,12.3,82
D. K-8 / 751 +,CAMDEN,330,BERLIN BORO,15.5,59,14.2,73
D. K-8 / 751 +,CAMDEN,1780,GLOUCESTER TWP,19,19,19.5,24
D. K-8 / 751 +,CAMDEN,4590,RUNNEMEDE BORO,15.5,59,19.4,26
D. K-8 / 751 +,CAMDEN,5080,STRATFORD BORO,14.3,72,14.6,70
D. K-8 / 751 +,CAMDEN,5400,VOORHEES TWP,17.6,37,17.5,46
D. K-8 / 751 +,CAPE MAY,5340,UPPER TWP,16.2,50,16.3,54
D. K-8 / 751 +,CUMBERLAND,5300,UPPER DEERFIELD TWP,15,63,16.3,54
D. K-8 / 751 +,GLOUCESTER,2750,LOGAN TWP,14.3,72,16.9,50
D. K-8 / 751 +,HUDSON,1850,GUTTENBERG TOWN,14.4,71,12.7,81
D. K-8 / 751 +,HUNTERDON,920,CLINTON TWP,16.9,43,18.1,38
D. K-8 / 751 +,HUNTERDON,1510,FLEMINGTON-RARITAN REG,17,42,16.2,56
D. K-8 / 751 +,HUNTERDON,4350,READINGTON TWP,18.9,20,20.8,17
D. K-8 / 751 +,MONMOUTH,945,COLTS NECK TWP,15.4,62,17.3,47
D. K-8 / 751 +,MONMOUTH,1260,EATONTOWN BORO,19.5,15,19.5,24
D. K-8 / 751 +,MONMOUTH,1440,FAIR HAVEN BORO,14.2,74,15,66
D. K-8 / 751 +,MONMOUTH,1640,FREEHOLD BORO,12,86,11.7,84
D. K-8 / 751 +,MONMOUTH,1660,FREEHOLD TWP,17.9,36,18.9,31
D. K-8 / 751 +,MONMOUTH,2290,HOWELL TWP,19.4,16,19.6,23
D. K-8 / 751 +,MONMOUTH,2720,LITTLE SILVER BORO,13.3,79,13.7,75
D. K-8 / 751 +,MONMOUTH,2920,MANALAPAN-ENGLISHTOWN REG,18.7,22,19,29
D. K-8 / 751 +,MONMOUTH,3030,MARLBORO TWP,18.9,20,18,39
D. K-8 / 751 +,MONMOUTH,3200,MILLSTONE TWP,16.4,47,19.8,19
D. K-8 / 751 +,MONMOUTH,4360,RED BANK BORO,19.3,17,19.7,21
D. K-8 / 751 +,MONMOUTH,4570,RUMSON BORO,28.3,3,15.8,58
D. K-8 / 751 +,MONMOUTH,5185,TINTON FALLS,18.6,24,21.4,15
D. K-8 / 751 +,MORRIS,820,CHESTER TWP,17.3,40,17.7,42
D. K-8 / 751 +,MORRIS,1090,DENVILLE TWP,15.6,57,15.1,63
D. K-8 / 751 +,MORRIS,1190,EAST HANOVER TWP,18.1,32,17.8,41
D. K-8 / 751 +,MORRIS,1530,FLORHAM PARK BORO,14.7,67,15.1,63
D. K-8 / 751 +,MORRIS,2000,HANOVER TWP,16.1,52,15.9,57
D. K-8 / 751 +,MORRIS,2650,LINCOLN PARK BORO,15,63,15.1,63
D. K-8 / 751 +,MORRIS,3100,MENDHAM TWP,15.5,59,17.6,44
D. K-8 / 751 +,MORRIS,4000,LONG HILL TWP,18.2,31,17,49
D. K-8 / 751 +,MORRIS,4490,ROCKAWAY TWP,19.9,13,21.5,14
D. K-8 / 751 +,MORRIS,5520,WASHINGTON TWP,19.6,14,19.9,18
D. K-8 / 751 +,MORRIS,5770,WHARTON BORO,16.2,50,16.4,52
D. K-8 / 751 +,PASSAIC,1920,HALEDON BORO,31,1,44.5,1
D. K-8 / 751 +,PASSAIC,2700,LITTLE FALLS TWP,17.1,41,21.9,11
D. K-8 / 751 +,PASSAIC,4270,PROSPECT PARK BORO,18.6,24,19.3,28
D. K-8 / 751 +,PASSAIC,4400,RINGWOOD BORO,16.3,49,16.4,52
D. K-8 / 751 +,PASSAIC,5200,TOTOWA BORO,12.8,81,12.3,82
D. K-8 / 751 +,PASSAIC,5440,WANAQUE BORO,29.3,2,23.3,6
D. K-8 / 751 +,PASSAIC,5690,WOODLAND PARK,13.7,76,11.6,85
D. K-8 / 751 +,SOMERSET,510,BRANCHBURG TWP,22.6,6,22.3,9
D. K-8 / 751 +,SOMERSET,1810,GREEN BROOK TWP,22.6,6,18.2,36
D. K-8 / 751 +,SOMERSET,5470,WARREN TWP,22.9,4,24.1,3
D. K-8 / 751 +,SUSSEX,640,BYRAM TWP,18.1,32,23.8,5
D. K-8 / 751 +,SUSSEX,2030,HARDYSTON TWP,16.7,44,24.1,3
D. K-8 / 751 +,SUSSEX,5100,SUSSEX-WANTAGE REGIONAL,17.5,38,19.4,26
D. K-8 / 751 +,UNION,3470,MOUNTAINSIDE BORO,16.4,47,,
D. K-8 / 751 +,WARREN,1785,GREAT MEADOWS REGIONAL,20.9,10,18.7,33
D. K-8 / 751 +,WARREN,1840,GREENWICH TWP,18.6,24,19.7,21
D. K-8 / 751 +,WARREN,2790,LOPATCONG TWP,18.5,27,23.1,7
E. K-12 / 0 - 1800,,,K-12 Average,16,,15.9,
E. K-12 / 0 - 1800,BERGEN,440,BOGOTA BORO,14.2,19,16.2,10
E. K-12 / 0 - 1800,BERGEN,990,CRESSKILL BORO,14.2,19,13.1,26
E. K-12 / 0 - 1800,BERGEN,1360,EMERSON BORO,10.8,43,9.7,45
E. K-12 / 0 - 1800,BERGEN,2080,HASBROUCK HEIGHTS BORO,15.9,7,16.7,6
E. K-12 / 0 - 1800,BERGEN,3170,MIDLAND PARK BORO,15.3,11,14.1,21
E. K-12 / 0 - 1800,BERGEN,3600,NORTH ARLINGTON BORO,9.6,44,9.6,46
E. K-12 / 0 - 1800,BERGEN,3910,PALISADES PARK,13.3,26,15,13
E. K-12 / 0 - 1800,BERGEN,3940,PARK RIDGE BORO,11.3,37,11.6,41
E. K-12 / 0 - 1800,BERGEN,4370,RIDGEFIELD BORO,17.1,2,16.9,2
E. K-12 / 0 - 1800,BERGEN,4610,SADDLE BROOK TWP,17.4,1,20.1,1
E. K-12 / 0 - 1800,BERGEN,5410,WALDWICK BORO,14.5,17,14.7,16
E. K-12 / 0 - 1800,BERGEN,5430,WALLINGTON BORO,9.6,44,10.4,43
E. K-12 / 0 - 1800,BERGEN,5830,WOOD-RIDGE BORO,13.6,24,15,13
E. K-12 / 0 - 1800,BURLINGTON,1520,FLORENCE TWP,15.1,13,16.3,9
E. K-12 / 0 - 1800,BURLINGTON,3920,PALMYRA BORO,12.6,28,11.7,40
E. K-12 / 0 - 1800,BURLINGTON,4450,RIVERSIDE TWP,14.2,19,14.5,17
E. K-12 / 0 - 1800,CAMDEN,150,AUDUBON BORO,14.6,15,14.4,19
E. K-12 / 0 - 1800,CAMDEN,1880,HADDON HEIGHTS BORO,12.4,29,12.2,37
E. K-12 / 0 - 1800,CAMDEN,3770,OAKLYN BORO,16.5,4,16.9,2
E. K-12 / 0 - 1800,CAPE MAY,5790,WILDWOOD CITY,16.4,5,16,11
E. K-12 / 0 - 1800,ESSEX,760,CEDAR GROVE TWP,16.6,3,12,38
E. K-12 / 0 - 1800,GLOUCESTER,860,CLAYTON BORO,11.7,36,13.1,26
E. K-12 / 0 - 1800,GLOUCESTER,4020,PAULSBORO BORO,11.3,37,12.8,31
E. K-12 / 0 - 1800,GLOUCESTER,4140,PITMAN BORO,13.6,24,13.2,25
E. K-12 / 0 - 1800,GLOUCESTER,5860,WOODBURY CITY,12.9,27,12.3,36
E. K-12 / 0 - 1800,HUDSON,5580,WEEHAWKEN TWP,12.1,32,12.8,31
E. K-12 / 0 - 1800,MIDDLESEX,1140,DUNELLEN BORO,15.2,12,12.9,28
E. K-12 / 0 - 1800,MIDDLESEX,2150,HIGHLAND PARK BORO,14.2,19,13.6,23
E. K-12 / 0 - 1800,MIDDLESEX,4830,SOUTH AMBOY CITY,11.3,37,11.8,39
E. K-12 / 0 - 1800,MIDDLESEX,4970,SPOTSWOOD BORO,14.6,15,16.6,7
E. K-12 / 0 - 1800,MONMOUTH,2400,KEANSBURG BORO,14.7,14,16.9,2
E. K-12 / 0 - 1800,MONMOUTH,2430,KEYPORT BORO,11.3,37,12.7,33
E. K-12 / 0 - 1800,MONMOUTH,2930,MANASQUAN BORO,12.4,29,12.6,34
E. K-12 / 0 - 1800,MORRIS,450,BOONTON TOWN,12,33,12.9,28
E. K-12 / 0 - 1800,MORRIS,630,BUTLER BORO,14.4,18,15.2,12
E. K-12 / 0 - 1800,MORRIS,3460,MOUNTAIN LAKES BORO,11.1,42,12.9,28
E. K-12 / 0 - 1800,OCEAN,4190,PLUMSTED TWP,15.4,10,16.8,5
E. K-12 / 0 - 1800,OCEAN,4220,POINT PLEASANT BEACH BORO,12.2,31,14.5,17
E. K-12 / 0 - 1800,PASSAIC,4230,POMPTON LAKES BORO,11.3,37,10.9,42
E. K-12 / 0 - 1800,SALEM,4150,PITTSGROVE TWP,9.2,46,9,47
E. K-12 / 0 - 1800,SALEM,4630,SALEM CITY,9,47,10.1,44
E. K-12 / 0 - 1800,SALEM,5910,WOODSTOWN-PILESGROVE REG,12,33,12.4,35
E. K-12 / 0 - 1800,SOMERSET,490,BOUND BROOK BORO,15.6,8,15,13
E. K-12 / 0 - 1800,SOMERSET,3000,MANVILLE BORO,15.5,9,13.4,24
E. K-12 / 0 - 1800,SUSSEX,3590,NEWTON TOWN,16,6,16.5,8
E. K-12 / 0 - 1800,UNION,2420,KENILWORTH BORO,13.8,23,13.7,22
E. K-12 / 0 - 1800,WARREN,280,BELVIDERE TOWN,12,33,14.3,20
F. K-12 / 1801 - 350,,,K-12 Average,16,,15.9,
F. K-12 / 1801 - 3500,ATLANTIC,590,BUENA REGIONAL,11.6,59,12.7,55
F. K-12 / 1801 - 3500,BERGEN,890,CLIFFSIDE PARK BORO,16.2,15,16.8,12
F. K-12 / 1801 - 3500,BERGEN,1130,DUMONT BORO,13.8,40,13.8,45
F. K-12 / 1801 - 3500,BERGEN,1345,ELMWOOD PARK,12.3,57,12.1,58
F. K-12 / 1801 - 3500,BERGEN,1370,ENGLEWOOD CITY,17.2,13,16.5,15
F. K-12 / 1801 - 3500,BERGEN,1760,GLEN ROCK BORO,15.7,19,15.5,25
F. K-12 / 1801 - 3500,BERGEN,2620,LEONIA BORO,13.7,43,14.1,40
F. K-12 / 1801 - 3500,BERGEN,2740,LODI BOROUGH,14.4,34,14.2,39
F. K-12 / 1801 - 3500,BERGEN,2860,LYNDHURST TWP,12.6,54,11.9,59
F. K-12 / 1801 - 3500,BERGEN,2900,MAHWAH TWP,14.4,34,15.4,27
F. K-12 / 1801 - 3500,BERGEN,3550,NEW MILFORD BORO,15.2,26,13.9,42
F. K-12 / 1801 - 3500,BERGEN,4310,RAMSEY BORO,17.4,10,16.4,17
F. K-12 / 1801 - 3500,BERGEN,4380,RIDGEFIELD PARK TWP,11.4,62,12.4,56
F. K-12 / 1801 - 3500,BERGEN,4600,RUTHERFORD BORO,13.6,45,14,41
F. K-12 / 1801 - 3500,BERGEN,5755,WESTWOOD REGIONAL,11.6,59,10.9,66
F. K-12 / 1801 - 3500,BURLINGTON,475,BORDENTOWN REGIONAL,11.4,62,13.2,50
F. K-12 / 1801 - 3500,BURLINGTON,600,BURLINGTON CITY,15.4,24,15.9,23
F. K-12 / 1801 - 3500,BURLINGTON,840,CINNAMINSON TWP,14.6,31,17.6,9
F. K-12 / 1801 - 3500,BURLINGTON,1060,DELRAN TWP,12.9,52,13.6,46
F. K-12 / 1801 - 3500,BURLINGTON,3010,MAPLE SHADE TWP,13.4,50,13.6,46
F. K-12 / 1801 - 3500,CAMDEN,940,COLLINGSWOOD BORO,10.8,66,10.5,67
F. K-12 / 1801 - 3500,CAMDEN,1770,GLOUCESTER CITY,18.3,4,16.8,12
F. K-12 / 1801 - 3500,CAMDEN,1890,HADDON TWP,12.3,57,12.8,54
F. K-12 / 1801 - 3500,CAMDEN,1900,HADDONFIELD BORO,15.3,25,16.8,12
F. K-12 / 1801 - 3500,CAMDEN,2670,LINDENWOLD BORO,13.5,49,11.8,61
F. K-12 / 1801 - 3500,CAMDEN,4110,PINE HILL BORO,13.8,40,16,21
F. K-12 / 1801 - 3500,CAPE MAY,3130,MIDDLE TWP,19.2,2,19.6,3
F. K-12 / 1801 - 3500,CAPE MAY,3780,OCEAN CITY,17.8,8,17.3,10
F. K-12 / 1801 - 3500,ESSEX,660,CALDWELL-WEST CALDWELL,16.1,16,15.3,28
F. K-12 / 1801 - 3500,ESSEX,1750,GLEN RIDGE BORO,17.9,6,16.5,15
F. K-12 / 1801 - 3500,ESSEX,5370,VERONA BORO,10.9,65,11.5,64
F. K-12 / 1801 - 3500,GLOUCESTER,1730,GLASSBORO,17.6,9,20.3,2
F. K-12 / 1801 - 3500,GLOUCESTER,5620,WEST DEPTFORD TWP,15.2,26,14.5,34
F. K-12 / 1801 - 3500,HUDSON,2060,HARRISON TOWN,9.8,67,11.7,62
F. K-12 / 1801 - 3500,HUDSON,2210,HOBOKEN CITY,17.3,11,15.3,28
F. K-12 / 1801 - 3500,HUDSON,4730,SECAUCUS TOWN,13.6,45,17,11
F. K-12 / 1801 - 3500,MERCER,5510,ROBBINSVILLE TWP,22.7,1,21.4,1
F. K-12 / 1801 - 3500,MIDDLESEX,3120,METUCHEN BORO,13.6,45,13.6,46
F. K-12 / 1801 - 3500,MIDDLESEX,3140,MIDDLESEX BORO,14.5,33,15,31
F. K-12 / 1801 - 3500,MIDDLESEX,4920,SOUTH RIVER BORO,15.7,19,13.9,42
F. K-12 / 1801 - 3500,MONMOUTH,100,ASBURY PARK CITY,14.3,36,14.5,34
F. K-12 / 1801 - 3500,MONMOUTH,2105,HAZLET TWP,14,39,14.7,32
F. K-12 / 1801 - 3500,MONMOUTH,2230,HOLMDEL TWP,15.7,19,18.3,5
F. K-12 / 1801 - 3500,MONMOUTH,5310,UPPER FREEHOLD REGIONAL,14.3,36,14.3,37
F. K-12 / 1801 - 3500,MORRIS,1110,DOVER TOWN,11,64,11.3,65
F. K-12 / 1801 - 3500,MORRIS,2380,JEFFERSON TWP,14.1,38,13.2,50
F. K-12 / 1801 - 3500,MORRIS,2460,KINNELON BORO,13.6,45,14.4,36
F. K-12 / 1801 - 3500,MORRIS,2870,MADISON BORO,15.7,19,14.6,33
F. K-12 / 1801 - 3500,MORRIS,4080,PEQUANNOCK TWP,18,5,18,8
F. K-12 / 1801 - 3500,OCEAN,185,BARNEGAT TWP,17.9,6,19.3,4
F. K-12 / 1801 - 3500,OCEAN,2940,MANCHESTER TWP,18.4,3,18.3,5
F. K-12 / 1801 - 3500,OCEAN,4210,POINT PLEASANT BORO,15.8,18,16,21
F. K-12 / 1801 - 3500,PASSAIC,2100,HAWTHORNE BORO,17.3,11,18.2,7
F. K-12 / 1801 - 3500,SALEM,4070,PENNS GRV-CARNEY'S PT REG,15.5,23,16.4,17
F. K-12 / 1801 - 3500,SALEM,4075,PENNSVILLE,12.6,54,12.9,53
F. K-12 / 1801 - 3500,SOMERSET,3670,NORTH PLAINFIELD BORO,17,14,16.1,20
F. K-12 / 1801 - 3500,SOMERSET,4815,SOMERSET HILLS REGIONAL,13.8,40,16.3,19
F. K-12 / 1801 - 3500,SOMERSET,4820,SOMERVILLE BORO,14.8,29,13.9,42
F. K-12 / 1801 - 3500,SUSSEX,2240,HOPATCONG,12.4,56,13.3,49
F. K-12 / 1801 - 3500,UNION,310,BERKELEY HEIGHTS TWP,13.7,43,14.3,37
F. K-12 / 1801 - 3500,UNION,850,CLARK TWP,14.6,31,15.8,24
F. K-12 / 1801 - 3500,UNION,2190,HILLSIDE TWP,11.5,61,11.6,63
F. K-12 / 1801 - 3500,UNION,3560,NEW PROVIDENCE BORO,14.9,28,15.1,30
F. K-12 / 1801 - 3500,UNION,4540,ROSELLE BORO,15.9,17,11.9,59
F. K-12 / 1801 - 3500,UNION,4550,ROSELLE PARK BORO,14.8,29,15.5,25
F. K-12 / 1801 - 3500,UNION,5000,SPRINGFIELD TWP,12.9,52,12.2,57
F. K-12 / 1801 - 3500,WARREN,1870,HACKETTSTOWN,13.1,51,13.2,50
G. K-12 / 3501 +,,,K-12 Average,16,,15.9,
G. K-12 / 3501 +,ATLANTIC,110,ATLANTIC CITY,17.1,61,18,47
G. K-12 / 3501 +,ATLANTIC,1310,EGG HARBOR TWP,18,46,17.3,56
G. K-12 / 3501 +,ATLANTIC,1960,HAMMONTON TOWN,15.1,88,15.2,81
G. K-12 / 3501 +,ATLANTIC,4180,PLEASANTVILLE CITY,15.4,84,17.5,52
G. K-12 / 3501 +,BERGEN,300,BERGENFIELD BORO,14.5,91,15.2,81
G. K-12 / 3501 +,BERGEN,1450,FAIR LAWN BORO,18.2,42,17.9,48
G. K-12 / 3501 +,BERGEN,1550,FORT LEE BORO,16.5,68,19.5,29
G. K-12 / 3501 +,BERGEN,1700,GARFIELD CITY,17.5,56,20.2,15
G. K-12 / 3501 +,BERGEN,1860,HACKENSACK CITY,12.4,102,15.2,81
G. K-12 / 3501 +,BERGEN,3930,PARAMUS BORO,16.5,68,17.2,60
G. K-12 / 3501 +,BERGEN,4390,RIDGEWOOD VILLAGE,18.9,28,18.7,39
G. K-12 / 3501 +,BERGEN,5150,TEANECK TWP,17.6,55,17.8,50
G. K-12 / 3501 +,BERGEN,5160,TENAFLY BORO,13.8,98,13.4,96
G. K-12 / 3501 +,BURLINGTON,620,BURLINGTON TWP,16.6,67,17.2,60
G. K-12 / 3501 +,BURLINGTON,3360,MOORESTOWN TWP,14.8,89,16.9,65
G. K-12 / 3501 +,BURLINGTON,4050,PEMBERTON TWP,16.5,68,16.7,68
G. K-12 / 3501 +,BURLINGTON,5805,WILLINGBORO TWP,11.9,103,12.1,102
G. K-12 / 3501 +,CAMDEN,680,CAMDEN CITY,11.1,105,10.9,104
G. K-12 / 3501 +,CAMDEN,800,CHERRY HILL TWP,23.1,4,24,4
G. K-12 / 3501 +,CAMDEN,4060,PENNSAUKEN TWP,18.7,33,20.2,15
G. K-12 / 3501 +,CAMDEN,5820,WINSLOW TWP,21.6,10,20.7,11
G. K-12 / 3501 +,CUMBERLAND,540,BRIDGETON CITY,14.2,93,13.3,98
G. K-12 / 3501 +,CUMBERLAND,3230,MILLVILLE CITY,14,96,14.3,91
G. K-12 / 3501 +,CUMBERLAND,5390,VINELAND CITY,20.7,15,20.7,11
G. K-12 / 3501 +,ESSEX,250,BELLEVILLE TOWN,21.4,11,19.9,22
G. K-12 / 3501 +,ESSEX,410,BLOOMFIELD TWP,16.4,71,21.1,9
G. K-12 / 3501 +,ESSEX,1210,EAST ORANGE,19,27,17.2,60
G. K-12 / 3501 +,ESSEX,2330,IRVINGTON TOWNSHIP,15.3,85,15.6,78
G. K-12 / 3501 +,ESSEX,2730,LIVINGSTON TWP,15.7,79,14.9,86
G. K-12 / 3501 +,ESSEX,3190,MILLBURN TWP,18,46,15.7,76
G. K-12 / 3501 +,ESSEX,3310,MONTCLAIR TOWN,20.4,17,,
G. K-12 / 3501 +,ESSEX,3570,NEWARK CITY,8.7,106,9.2,105
G. K-12 / 3501 +,ESSEX,3750,NUTLEY TOWN,18.8,32,18.6,40
G. K-12 / 3501 +,ESSEX,3880,CITY OF ORANGE TWP,15.8,77,13.5,95
G. K-12 / 3501 +,ESSEX,4900,SOUTH ORANGE-MAPLEWOOD,15.8,77,14.5,89
G. K-12 / 3501 +,ESSEX,5680,WEST ORANGE TOWN,18.6,35,19.9,22
G. K-12 / 3501 +,GLOUCESTER,1100,DEPTFORD TWP,18.9,28,17.4,55
G. K-12 / 3501 +,GLOUCESTER,3280,MONROE TWP,20.7,15,24.8,2
G. K-12 / 3501 +,GLOUCESTER,5500,WASHINGTON TWP,17.3,57,17.5,52
G. K-12 / 3501 +,HUDSON,220,BAYONNE CITY,18.2,42,18.1,46
G. K-12 / 3501 +,HUDSON,2390,JERSEY CITY,17.9,51,17.3,56
G. K-12 / 3501 +,HUDSON,2410,KEARNY TOWN,17.3,57,15.7,76
G. K-12 / 3501 +,HUDSON,3610,NORTH BERGEN TWP,15.2,86,14.8,87
G. K-12 / 3501 +,HUDSON,5240,UNION CITY,13.4,100,14.5,89
G. K-12 / 3501 +,HUDSON,5670,WEST NEW YORK TOWN,11.9,103,12.7,101
G. K-12 / 3501 +,MERCER,1245,EAST WINDSOR REGIONAL,15.7,79,15.9,73
G. K-12 / 3501 +,MERCER,1430,EWING TWP,18.1,44,18.9,36
G. K-12 / 3501 +,MERCER,1950,HAMILTON TWP,18.9,28,19,34
G. K-12 / 3501 +,MERCER,2280,HOPEWELL VALLEY REGIONAL,15.2,86,17.3,56
G. K-12 / 3501 +,MERCER,2580,LAWRENCE TWP,15.5,83,15.9,73
G. K-12 / 3501 +,MERCER,4255,PRINCETON REGIONAL,14.5,91,15.4,79
G. K-12 / 3501 +,MERCER,5210,TRENTON CITY,17.3,57,17,63
G. K-12 / 3501 +,MERCER,5715,W WINDSOR-PLAINSBORO REG,21.7,9,20.6,13
G. K-12 / 3501 +,MIDDLESEX,750,CARTERET BORO,14.8,89,14.3,91
G. K-12 / 3501 +,MIDDLESEX,1170,EAST BRUNSWICK TWP,18.4,40,16,72
G. K-12 / 3501 +,MIDDLESEX,1290,EDISON TWP,26.5,2,22.3,8
G. K-12 / 3501 +,MIDDLESEX,3290,MONROE TWP,24.2,3,23.7,5
G. K-12 / 3501 +,MIDDLESEX,3530,NEW BRUNSWICK CITY,18.5,39,19.6,28
G. K-12 / 3501 +,MIDDLESEX,3620,NORTH BRUNSWICK TWP,14.1,94,13.8,94
G. K-12 / 3501 +,MIDDLESEX,3845,OLD BRIDGE TWP,18.9,28,19.8,25
G. K-12 / 3501 +,MIDDLESEX,4090,PERTH AMBOY CITY,22.1,8,23,7
G. K-12 / 3501 +,MIDDLESEX,4130,PISCATAWAY TWP,19.1,26,17.5,52
G. K-12 / 3501 +,MIDDLESEX,4660,SAYREVILLE BORO,19.5,22,20,21
G. K-12 / 3501 +,MIDDLESEX,4860,SOUTH BRUNSWICK TWP,15.9,74,15.3,80
G. K-12 / 3501 +,MIDDLESEX,4910,SOUTH PLAINFIELD BORO,19.2,24,17.3,56
G. K-12 / 3501 +,MIDDLESEX,5850,WOODBRIDGE TWP,18.6,35,18.4,44
G. K-12 / 3501 +,MONMOUTH,2770,LONG BRANCH CITY,20.8,14,20.1,18
G. K-12 / 3501 +,MONMOUTH,3040,MATAWAN-ABERDEEN REGIONAL,18.7,33,20.2,15
G. K-12 / 3501 +,MONMOUTH,3160,MIDDLETOWN TWP,19.2,24,19.7,27
G. K-12 / 3501 +,MONMOUTH,3510,NEPTUNE TWP,15.9,74,15.1,85
G. K-12 / 3501 +,MONMOUTH,3810,OCEAN TWP,15.7,79,16.1,70
G. K-12 / 3501 +,MONMOUTH,5420,WALL TWP,18.1,44,20.1,18
G. K-12 / 3501 +,MORRIS,785,SCH DIST OF THE CHATHAMS,12.8,101,12.8,100
G. K-12 / 3501 +,MORRIS,3340,MONTVILLE TWP,20.2,19,20.5,14
G. K-12 / 3501 +,MORRIS,3385,MORRIS SCHOOL DISTRICT,18.6,35,18.5,41
G. K-12 / 3501 +,MORRIS,3450,MOUNT OLIVE TWP,16.8,65,15.9,73
G. K-12 / 3501 +,MORRIS,3950,PARSIPPANY-TROY HILLS TWP,22.6,6,24.4,3
G. K-12 / 3501 +,MORRIS,4330,RANDOLPH TWP,20.3,18,25.3,1
G. K-12 / 3501 +,MORRIS,4560,ROXBURY TWP,16.7,66,16.8,67
G. K-12 / 3501 +,OCEAN,530,BRICK TWP,20.1,20,20.9,10
G. K-12 / 3501 +,OCEAN,2360,JACKSON TWP,21.1,12,20.1,18
G. K-12 / 3501 +,OCEAN,2480,LACEY TWP,17.1,61,14.8,87
G. K-12 / 3501 +,OCEAN,2520,LAKEWOOD TWP,21.1,12,19.5,29
G. K-12 / 3501 +,OCEAN,5190,TOMS RIVER REGIONAL,18,46,17.9,48
G. K-12 / 3501 +,PASSAIC,900,CLIFTON CITY,18.6,35,19.2,32
G. K-12 / 3501 +,PASSAIC,3970,PASSAIC CITY,20.1,20,19.4,31
G. K-12 / 3501 +,PASSAIC,4010,PATERSON CITY,13.7,99,11.8,103
G. K-12 / 3501 +,PASSAIC,5570,WAYNE TWP,18,46,18.9,36
G. K-12 / 3501 +,PASSAIC,5650,WEST MILFORD TWP,14.1,94,13.4,96
G. K-12 / 3501 +,SOMERSET,350,BERNARDS TWP,17.9,51,17.8,50
G. K-12 / 3501 +,SOMERSET,555,BRIDGEWATER-RARITAN REG,22.3,7,23.7,5
G. K-12 / 3501 +,SOMERSET,1610,FRANKLIN TWP,16.3,72,15.2,81
G. K-12 / 3501 +,SOMERSET,2170,HILLSBOROUGH TWP,22.8,5,19.9,22
G. K-12 / 3501 +,SOMERSET,3320,MONTGOMERY TWP,18,46,18.5,41
G. K-12 / 3501 +,SUSSEX,4960,SPARTA TWP,17.2,60,14,93
G. K-12 / 3501 +,SUSSEX,5360,VERNON TWP,15.9,74,16.7,68
G. K-12 / 3501 +,UNION,980,CRANFORD TWP,17.9,51,17,63
G. K-12 / 3501 +,UNION,1320,ELIZABETH CITY,29.2,1,19.8,25
G. K-12 / 3501 +,UNION,2660,LINDEN CITY,17,63,19,34
G. K-12 / 3501 +,UNION,4160,PLAINFIELD CITY,16.3,72,18.3,45
G. K-12 / 3501 +,UNION,4290,RAHWAY CITY,16.9,64,16.1,70
G. K-12 / 3501 +,UNION,4670,SCOTCH PLAINS-FANWOOD REG,18.3,41,18.5,41
G. K-12 / 3501 +,UNION,5090,SUMMIT CITY,13.9,97,13,99
G. K-12 / 3501 +,UNION,5290,UNION TWP,17.9,51,18.9,36
G. K-12 / 3501 +,UNION,5730,WESTFIELD TOWN,19.4,23,19.2,32
G. K-12 / 3501 +,WARREN,4100,PHILLIPSBURG TOWN,15.7,79,16.9,65
H. 7-12 / 9-12,,,7-12 Average,12.8,,13.2,
H. 7-12 / 9-12,,,9-12 Average,11.8,,11.8,
H. 7-12 / 9-12,ATLANTIC,1790,GREATER EGG HARBOR REG,10,36,11,29
H. 7-12 / 9-12,ATLANTIC,2910,MAINLAND REGIONAL,14.5,5,14.1,7
H. 7-12 / 9-12,BERGEN,745,CARLSTADT-EAST RUTHERFORD,8.8,44,6.2,47
H. 7-12 / 9-12,BERGEN,3700,NORTHERN HIGHLANDS REG,13.3,11,12.9,16
H. 7-12 / 9-12,BERGEN,3710,NORTHERN VALLEY REGIONAL,12,21,11.9,22
H. 7-12 / 9-12,BERGEN,3960,PASCACK VALLEY REGIONAL,8.9,42,10.1,37
H. 7-12 / 9-12,BERGEN,4300,RAMAPO-INDIAN HILL REG,9.2,41,9.1,41
H. 7-12 / 9-12,BERGEN,4405,RIVER DELL REGIONAL,11.2,28,11.6,26
H. 7-12 / 9-12,BURLINGTON,2610,LENAPE REGIONAL,17.6,1,17.7,2
H. 7-12 / 9-12,BURLINGTON,3690,NORTHERN BURLINGTON REG,12.1,19,13,14
H. 7-12 / 9-12,BURLINGTON,4320,RANCOCAS VALLEY REGIONAL,10.9,30,10.8,32
H. 7-12 / 9-12,CAMDEN,390,BLACK HORSE PIKE REGIONAL,9.6,39,10.4,36
H. 7-12 / 9-12,CAMDEN,1255,EASTERN CAMDEN COUNTY REG,12.2,18,12,21
H. 7-12 / 9-12,CAMDEN,5035,STERLING HIGH SCHOOL DIST,7.3,46,7.1,46
H. 7-12 / 9-12,CAPE MAY,2820,LOWER CAPE MAY REGIONAL,16,2,17.5,3
H. 7-12 / 9-12,CUMBERLAND,997,CUMBERLAND REGIONAL,10.1,35,9.3,39
H. 7-12 / 9-12,ESSEX,5630,WEST ESSEX REGIONAL,11.6,27,13.8,9
H. 7-12 / 9-12,GLOUCESTER,870,CLEARVIEW REGIONAL,13.2,12,13.2,12
H. 7-12 / 9-12,GLOUCESTER,1715,GATEWAY REGIONAL,8.9,42,8.8,43
H. 7-12 / 9-12,GLOUCESTER,2440,KINGSWAY REGIONAL,13.7,8,13.5,10
H. 7-12 / 9-12,GLOUCESTER,4940,DELSEA REGIONAL H.S DIST.,13.2,12,12.7,18
H. 7-12 / 9-12,HUNTERDON,1050,DELAWARE VALLEY REGIONAL,11.2,28,11.8,24
H. 7-12 / 9-12,HUNTERDON,2300,HUNTERDON CENTRAL REG,13.4,10,14.1,7
H. 7-12 / 9-12,HUNTERDON,3660,N HUNT/VOORHEES REGIONAL,12.1,19,11,29
H. 7-12 / 9-12,HUNTERDON,4890,SOUTH HUNTERDON REGIONAL,9.7,38,9.5,38
H. 7-12 / 9-12,MONMOUTH,1650,FREEHOLD REGIONAL,12.9,15,12.9,16
H. 7-12 / 9-12,MONMOUTH,2120,HENRY HUDSON REGIONAL,12,21,15.8,4
H. 7-12 / 9-12,MONMOUTH,3270,MONMOUTH REGIONAL,10.9,30,10.7,33
H. 7-12 / 9-12,MONMOUTH,4365,RED BANK REGIONAL,10,36,11,29
H. 7-12 / 9-12,MONMOUTH,4580,RUMSON-FAIR HAVEN REG,10.3,34,9.3,39
H. 7-12 / 9-12,MONMOUTH,4760,SHORE REGIONAL,8.5,45,8.6,44
H. 7-12 / 9-12,MORRIS,1990,HANOVER PARK REGIONAL,12,21,11.9,22
H. 7-12 / 9-12,MORRIS,3370,MORRIS HILLS REGIONAL,14.4,6,13,14
H. 7-12 / 9-12,MORRIS,5660,WEST MORRIS REGIONAL,14.7,4,14.9,6
H. 7-12 / 9-12,OCEAN,770,CENTRAL REGIONAL,13.7,8,12.2,19
H. 7-12 / 9-12,OCEAN,4105,PINELANDS REGIONAL,12.8,16,13.2,12
H. 7-12 / 9-12,OCEAN,4950,SOUTHERN REGIONAL,14.1,7,15.1,5
H. 7-12 / 9-12,PASSAIC,2510,LAKELAND REGIONAL,11.7,26,12.1,20
H. 7-12 / 9-12,PASSAIC,3980,PASSAIC CO MANCHESTER REG,11.9,24,11.5,27
H. 7-12 / 9-12,PASSAIC,3990,PASSAIC VALLEY REGIONAL,10.6,32,10.5,35
H. 7-12 / 9-12,SOMERSET,5550,WATCHUNG HILLS REGIONAL,12.4,17,13.3,11
H. 7-12 / 9-12,SUSSEX,2165,HIGH POINT REGIONAL,10.6,32,10.7,33
H. 7-12 / 9-12,SUSSEX,2465,KITTATINNY REGIONAL,13,14,11.4,28
H. 7-12 / 9-12,SUSSEX,2615,LENAPE VALLEY REGIONAL,9.4,40,9.1,41
H. 7-12 / 9-12,SUSSEX,5435,WALLKILL VALLEY REGIONAL,7,47,7.7,45
H. 7-12 / 9-12,WARREN,3675,NORTH WARREN REGIONAL,11.8,25,11.7,25
H. 7-12 / 9-12,WARREN,5465,WARREN HILLS REGIONAL,15.9,3,18.3,1
I. CSSD,,,CSSD Average,14.9,,14.3,
I. CSSD,ATLANTIC,125,ATLANTIC CO SPECIAL SERV,14.8,3,17.5,2
I. CSSD,BERGEN,285,BERGEN CO SPECIAL SERVICE,18.6,1,17.8,1
I. CSSD,BURLINGTON,605,BURLINGTON CO SPEC SERV,14.8,3,13.8,5
I. CSSD,CAPE MAY,715,CAPE MAY CO SPECIAL SERV,13.1,5,14,4
I. CSSD,GLOUCESTER,1774,GLOUCESTER CO SPEC SERV,10.8,8,9.9,7
I. CSSD,MERCER,3103,MERCER CO SPECIAL SERVICE,17.9,2,16.7,3
I. CSSD,SALEM,4635,SALEM CO SPECIAL SERVICE,11.9,7,12.5,6
I. CSSD,WARREN,5450,WARREN CO SPECIAL SERVICE,12,6,8.5,8
J. VOC,,,VOCATIONAL Average,11.5,,11.5,
J. VOC,ATLANTIC,120,ATLANTIC CO VOCATIONAL,12,8,16.6,2
J. VOC,BERGEN,290,BERGEN COUNTY VOCATIONAL,16.5,1,17.9,1
J. VOC,BURLINGTON,610,BURLINGTON CO VOCATIONAL,15,2,15.3,3
J. VOC,CAMDEN,700,CAMDEN COUNTY VOCATIONAL,10.5,14,10,14
J. VOC,CAPE MAY,720,CAPE MAY CO VOCATIONAL,10.2,15,10.2,13
J. VOC,CUMBERLAND,995,CUMBERLAND CO VOCATIONAL,5.8,19,5.5,20
J. VOC,ESSEX,1390,ESSEX CO VOC-TECH,13.2,4,12.5,6
J. VOC,GLOUCESTER,1775,GLOUCESTER CO VOCATIONAL,11,13,11.5,8
J. VOC,HUDSON,2295,HUDSON COUNTY VOCATIONAL,11.7,9,11.1,12
J. VOC,HUNTERDON,2308,HUNTERDON CO VOCATIONAL,5.7,21,7.4,18
J. VOC,MERCER,3105,MERCER COUNTY VOCATIONAL,6,18,6.2,19
J. VOC,MIDDLESEX,3150,MIDDLESEX CO VOCATIONAL,11.3,12,9.4,15
J. VOC,MONMOUTH,3260,MONMOUTH CO VOCATIONAL,14.1,3,13.3,5
J. VOC,MORRIS,3365,MORRIS COUNTY VOCATIONAL,7,16,8.3,16
J. VOC,OCEAN,3790,OCEAN COUNTY VOCATIONAL,12.4,7,11.4,10
J. VOC,PASSAIC,3995,PASSAIC COUNTY VOCATIONAL,13,5,14.3,4
J. VOC,SALEM,4640,SALEM COUNTY VOCATIONAL,5.8,19,5.5,20
J. VOC,SOMERSET,4810,SOMERSET CO VOCATIONAL,6.9,17,8.2,17
J. VOC,SUSSEX,5110,SUSSEX COUNTY VOCATIONAL,12.5,6,11.2,11
J. VOC,UNION,5260,UNION COUNTY VOCATIONAL,11.6,10,11.6,7
J. VOC,WARREN,5460,WARREN COUNTY VOCATIONAL,11.5,11,11.5,8
K. CHARTER,,,CHARTER Average,10,,10.6,
K. CHARTER,ATLANTIC,6612,Galloway Community CS,8.7,39,12,19
K. CHARTER,ATLANTIC,7410,chARTer~TECH HIGH SCHOOL,7.5,44,10.1,34
K. CHARTER,ATLANTIC,7420,Oceanside CS,6.2,54,,
K. CHARTER,ATLANTIC,7520,PleasanTech Academy CS,8.7,39,9.2,40
K. CHARTER,BERGEN,6013,Bergen Arts and Sciences CS,20,11,20,6
K. CHARTER,BERGEN,6430,Englewood on the Palisades CS,10,33,9,42
K. CHARTER,BERGEN,7890,Teaneck Community CS,12.5,21,12.5,18
K. CHARTER,BURLINGTON,6026,Riverbank Charter School of Excellence,7.7,43,8.7,43
K. CHARTER,BURLINGTON,6044,Renaissance Regional Leadership CS,6.5,53,,
K. CHARTER,CAMDEN,6024,Camden's Pride Charter Schhol,21.2,8,27.2,3
K. CHARTER,CAMDEN,6027,Institute of Excellence Charter School,12.3,23,10.3,33
K. CHARTER,CAMDEN,6212,Camden Academy Charter HS,19.2,13,17.2,10
K. CHARTER,CAMDEN,6215,Camden's Promise CS,14.1,17,18.1,8
K. CHARTER,CAMDEN,6232,Environment Community CS,48.3,2,11.7,22
K. CHARTER,CAMDEN,6240,Freedom Academy CS,11.5,25,11,28
K. CHARTER,CAMDEN,6325,D.U.E. Season CS,20.3,10,18.8,7
K. CHARTER,CAMDEN,7109,LEAP Academy University CS,5.1,61,9.5,38
K. CHARTER,CUMBERLAND,6028,Vineland Public Charter School,5.3,60,11.7,22
K. CHARTER,ESSEX,6016,Adelaide L. Sandford CS,5,62,5.3,62
K. CHARTER,ESSEX,6020,Pride Academy Charter School,9.3,36,10,36
K. CHARTER,ESSEX,6022,Burch Charter School of Excellence,4.9,63,4.9,64
K. CHARTER,ESSEX,6029,Newark Educators Charter School,23,7,24,4
K. CHARTER,ESSEX,6037,Newark Legacy CS,3.8,67,6.3,54
K. CHARTER,ESSEX,6038,Visions Academy CS,2.8,68,5.9,56
K. CHARTER,ESSEX,6320,Discovery CS,2.5,69,,
K. CHARTER,ESSEX,6410,East Orange Community CS,9.7,34,10.4,32
K. CHARTER,ESSEX,6665,Gray CS,11.5,25,11,28
K. CHARTER,ESSEX,7100,Lady Liberty Academy CS,12.8,19,10.6,31
K. CHARTER,ESSEX,7210,Marion P. Thomas CS,6.8,49,7,49
K. CHARTER,ESSEX,7280,Greater Newark CS,7.5,44,8,47
K. CHARTER,ESSEX,7290,New Horizons Comm. CS,6.2,54,8.5,45
K. CHARTER,ESSEX,7320,North Star Acad. CS of Newark,13.5,18,14.6,15
K. CHARTER,ESSEX,7325,TEAM Academy Charter School,85,1,96.7,1
K. CHARTER,ESSEX,7730,Robert Treat Academy CS,19.8,12,11.8,21
K. CHARTER,ESSEX,7735,Maria L. Varisco-Rogers CS,9.3,36,7.3,48
K. CHARTER,ESSEX,8065,University Heights CS,7.4,46,8.7,43
K. CHARTER,HUDSON,6030,The Ethical Community Charter School,4.7,65,15,14
K. CHARTER,HUDSON,6036,HOLA Hoboken Dual Lang CS,,,4.9,64
K. CHARTER,HUDSON,6235,Liberty Academy CS,8.7,39,5.8,58
K. CHARTER,HUDSON,6420,Elysian CS of Hoboken,12.6,20,11.6,24
K. CHARTER,HUDSON,6720,Hoboken CS,6.8,49,5.8,58
K. CHARTER,HUDSON,6910,Jersey City Comm. CS,32,4,16,13
K. CHARTER,HUDSON,6915,Jersey City Golden Door,4.6,66,5.9,56
K. CHARTER,HUDSON,7115,Learning Community CS,11.5,25,11.5,25
K. CHARTER,HUDSON,7820,Schomburg CS,7,47,16.3,12
K. CHARTER,HUDSON,7830,Soaring Heights CS,16,15,16.6,11
K. CHARTER,HUDSON,8060,University Academy CS,11.4,28,9.3,39
K. CHARTER,MERCER,6017,Foundation Academy CS,7,47,8.3,46
K. CHARTER,MERCER,6025,Paul Robeson Humanities  CS,9.3,36,17.5,9
K. CHARTER,MERCER,6425,Emily Fisher CS of Adv. Studies,23.7,6,13.1,17
K. CHARTER,MERCER,6810,International CS of Trenton,12.2,24,11.2,27
K. CHARTER,MERCER,7500,Pace CS of Hamilton,5.5,58,11,28
K. CHARTER,MERCER,7540,Princeton CS,20.4,9,6.6,53
K. CHARTER,MERCER,8140,Village CS,18.5,14,20.5,5
K. CHARTER,MIDDLESEX,6032,Academy for Urban Leadership CS,1.8,70,,
K. CHARTER,MIDDLESEX,6041,Hatikvah International CS,11,30,10.1,34
K. CHARTER,MIDDLESEX,6635,Greater Brunswick CS,11.1,29,10,36
K. CHARTER,MONMOUTH,6010,Academy Charter High School,10.8,31,6.8,51
K. CHARTER,MONMOUTH,6740,Hope Academy CS,5.6,57,4.3,66
K. CHARTER,MONMOUTH,7720,The Red Bank CS,10.6,32,11.4,26
K. CHARTER,MORRIS,8050,Unity CS,15.5,16,5.7,61
K. CHARTER,PASSAIC,6021,Community Charter School of Paterson,12.4,22,12,19
K. CHARTER,PASSAIC,6230,Classical Academy CS of Clifton,4.9,63,7,49
K. CHARTER,PASSAIC,7503,Paterson CS for Sci/Tech,26.4,5,27.3,2
K. CHARTER,SOMERSET,6018,Central Jersey College Prep CS,9.5,35,14.4,16
K. CHARTER,SUSSEX,7850,Sussex County CS for Technology,6.6,51,5.1,63
K. CHARTER,UNION,6033,The Barack Obama Green Charter High Scho,5.5,58,5.8,58
K. CHARTER,UNION,6217,Central Jersey Arts CS,40,3,,
K. CHARTER,UNION,7600,Queen City Academy CS,8.7,39,9.1,41
K. CHARTER,UNION,8010,Union County TEAMS CS,6.1,56,6.8,51
K. CHARTER,WARREN,7727,Ridge and Valley CS,6.6,51,6.1,55
